[
{"action":{"redirect":{"transform":{"queryTransform":{"removeParams":["si"]}}},"type":"redirect"},"condition":{"requestDomains":["youtu.be"],"resourceTypes":["main_frame","sub_frame","xmlhttprequest"]},"id":1},
{"action":{"redirect":{"transform":{"queryTransform":{"removeParams":["referrer"]}}},"type":"redirect"},"condition":{"resourceTypes":["main_frame","sub_frame","xmlhttprequest"],"urlFilter":"||play.google.com/store/apps/*referrer"},"id":2},
{"action":{"redirect":{"transform":{"queryTransform":{"removeParams":["referrer"]}}},"type":"redirect"},"condition":{"resourceTypes":["main_frame","sub_frame","xmlhttprequest"],"urlFilter":"||apps.apple.com/*/app/*referrer"},"id":3},
{"action":{"redirect":{"transform":{"queryTransform":{"removeParams":["__hsfp","__hssc","__hstc","_branch_match_id","_branch_referrer","_gl","_hsenc","_kx","_openstat","adjust_adgroup","adjust_campaign","adjust_creative","adjust_tracker","adjust_tracker_limit","at_campaign","at_campaign_type","at_creation","at_emailtype","at_link","at_link_id","at_link_origin","at_link_type","at_medium","at_ptr_name","at_recipient_id","at_recipient_list","at_send_date","bbeml","bsft_aaid","bsft_clkid","bsft_eid","bsft_ek","bsft_mid","bsft_uid","cx_click","cx_recsOrder","cx_recsWidget","dclid","et_rid","fb_action_ids","fb_action_types","fb_comment_id","fb_ref","fb_source","fbclid","gbraid","gclid","gclsrc","gps_adid","guce_referrer","guce_referrer_sig","hsCtaTracking","hsa_acc","hsa_ad","hsa_cam","hsa_grp","hsa_kw","hsa_la","hsa_mt","hsa_net","hsa_ol","hsa_src","hsa_tgt","hsa_ver","ir_adid","ir_campaignid","ir_partnerid","irclickid","mc_eid","ml_subscriber","ml_subscriber_hash","msclkid","mtm_campaign","mtm_cid","mtm_content","mtm_group","mtm_keyword","mtm_medium","mtm_placement","mtm_source","oft_c","oft_ck","oft_d","oft_id","oft_ids","oft_k","oft_lk","oft_sk","oly_anon_id","pk_campaign","pk_cid","pk_medium","pk_source","rb_clickid","s_cid","ss_email_id","twclid","unicorn_click_id","vero_conv","vero_id","vgo_ee","wbraid","wickedid","yclid","ymclid","ysclid"]}}},"type":"redirect"},"condition":{"resourceTypes":["main_frame","sub_frame","xmlhttprequest"]},"id":4},
{"action":{"redirect":{"transform":{"queryTransform":{"removeParams":["include_sponsored"]}}},"type":"redirect"},"condition":{"requestDomains":["redsky.target.com"],"resourceTypes":["xmlhttprequest"]},"id":5},
{"action":{"redirect":{"transform":{"queryTransform":{"removeParams":["_trkparms","_trksid","amdata","campid","mkcid","mkevt","mkrid","ssspo","sssrc","ssuid"]}}},"type":"redirect"},"condition":{"resourceTypes":["main_frame","sub_frame","xmlhttprequest"],"urlFilter":"||www.ebay."},"id":6},
{"action":{"redirect":{"transform":{"queryTransform":{"removeParams":["/_ui/shared/common/js/analytics/with-intersection-track.js"]}}},"type":"redirect"},"condition":{"resourceTypes":["script"],"urlFilter":"||hktvmall.com/yuicombo?"},"id":7},
{"action":{"redirect":{"transform":{"queryTransform":{"removeParams":["ad_config_id"]}}},"type":"redirect"},"condition":{"initiatorDomains":["tvnz.co.nz"],"resourceTypes":["xmlhttprequest"],"urlFilter":"||brightcove.com/playback/*/*?ad_config_id"},"id":8},
{"action":{"redirect":{"transform":{"queryTransform":{"removeParams":["ad_config_id"]}}},"type":"redirect"},"condition":{"initiatorDomains":["tvnz.co.nz"],"resourceTypes":["xmlhttprequest"],"urlFilter":"||brightcovecdn.com/playback/*/*?ad_config_id"},"id":9},
{"action":{"redirect":{"transform":{"queryTransform":{"removeParams":["adConfig"]}}},"type":"redirect"},"condition":{"resourceTypes":["xmlhttprequest"],"urlFilter":"||cxm-api.fifa.com/fifaplusweb/api/video/"},"id":10},
{"action":{"redirect":{"transform":{"queryTransform":{"removeParams":["caid"]}}},"type":"redirect"},"condition":{"initiatorDomains":["play.hbomax.com"],"resourceTypes":["xmlhttprequest"],"urlFilter":"||hbo.yspsvc-na.net/csm/*&caid="},"id":11},
{"action":{"redirect":{"transform":{"queryTransform":{"removeParams":["caid"]}}},"type":"redirect"},"condition":{"initiatorDomains":["max.com"],"resourceTypes":["xmlhttprequest"],"urlFilter":"&caid="},"id":12},
{"action":{"redirect":{"transform":{"queryTransform":{"removeParams":["caid"]}}},"type":"redirect"},"condition":{"initiatorDomains":["cnn.com"],"resourceTypes":["xmlhttprequest"],"urlFilter":"||warnermediacdn.com/csm/*&caid="},"id":13},
{"action":{"redirect":{"transform":{"queryTransform":{"removeParams":["afid"]}}},"type":"redirect"},"condition":{"initiatorDomains":["cnn.com"],"resourceTypes":["xmlhttprequest"],"urlFilter":"||warnermediacdn.com/csm/*afid="},"id":14},
{"action":{"redirect":{"transform":{"queryTransform":{"removeParams":["app_csid"]}}},"type":"redirect"},"condition":{"initiatorDomains":["cnn.com"],"resourceTypes":["xmlhttprequest"],"urlFilter":"||warnermediacdn.com/csm/*app_csid="},"id":15},
{"action":{"redirect":{"transform":{"queryTransform":{"removeParams":["conf_csid"]}}},"type":"redirect"},"condition":{"initiatorDomains":["cnn.com"],"resourceTypes":["xmlhttprequest"],"urlFilter":"||warnermediacdn.com/csm/*conf_csid="},"id":16},
{"action":{"redirect":{"transform":{"queryTransform":{"removeParams":["ssaiProfile"]}}},"type":"redirect"},"condition":{"excludedInitiatorDomains":["cnn.com"],"resourceTypes":["xmlhttprequest"],"urlFilter":"||medium.ngtv.io/v2/media/*&ssaiprofile="},"id":17},
{"action":{"redirect":{"transform":{"queryTransform":{"removeParams":["view"]}}},"type":"redirect"},"condition":{"resourceTypes":["main_frame","other"],"urlFilter":"||hentai-party.com/*?view="},"id":18},
{"action":{"redirect":{"transform":{"queryTransform":{"removeParams":["code"]}}},"type":"redirect"},"condition":{"resourceTypes":["main_frame","other"],"urlFilter":"||hentaicomics.pro/*?code="},"id":19},
{"action":{"redirect":{"transform":{"queryTransform":{"removeParams":["view"]}}},"type":"redirect"},"condition":{"resourceTypes":["main_frame","other"],"urlFilter":"||xxx-comics.pro/*?view="},"id":20},
{"action":{"redirect":{"transform":{"queryTransform":{"removeParams":["http_referer"]}}},"type":"redirect"},"condition":{"domainType":"firstParty","resourceTypes":["xmlhttprequest"],"urlFilter":"||biletomat.pl/en/api/process_order_lite^"},"id":21},
{"action":{"redirect":{"transform":{"queryTransform":{"removeParams":["csid","pcaid"]}}},"type":"redirect"},"condition":{"domainType":"thirdParty","initiatorDomains":["nba.com"],"resourceTypes":["xmlhttprequest"],"urlFilter":"||akamaized.net/*.m3u8"},"id":22},
{"action":{"redirect":{"transform":{"queryTransform":{"removeParams":["wpopageid"]}}},"type":"redirect"},"condition":{"domainType":"thirdParty","initiatorDomains":["www.bing.com"],"resourceTypes":["xmlhttprequest"],"urlFilter":"||assets.msn.com/service/news/feed/pages/binghp?"},"id":23},
{"action":{"redirect":{"transform":{"queryTransform":{"removeParams":["caid"]}}},"type":"redirect"},"condition":{"domainType":"thirdParty","initiatorDomains":["rtlplay.be"],"resourceTypes":["xmlhttprequest"],"urlFilter":"||v.fwmrm.net/ad/g/"},"id":24},
{"action":{"redirect":{"transform":{"queryTransform":{"removeParams":["ad.prof"]}}},"type":"redirect"},"condition":{"domainType":"thirdParty","initiatorDomains":["foxsports.com"],"resourceTypes":["xmlhttprequest"],"urlFilter":"://foxvideo-sports"},"id":25},
{"action":{"redirect":{"transform":{"queryTransform":{"removeParams":["ad_config_id"]}}},"type":"redirect"},"condition":{"domainType":"thirdParty","initiatorDomains":["brightcove.net"],"resourceTypes":["xmlhttprequest"],"urlFilter":"||edge.api.brightcove.com/playback/v1/accounts/6415718365001/"},"id":26},
{"action":{"redirect":{"transform":{"query":""}},"type":"redirect"},"condition":{"domainType":"thirdParty","initiatorDomains":["aws.amazon.com"],"resourceTypes":["xmlhttprequest"],"urlFilter":"||amazonwebservicesinc.tt.omtrdc.net/m2/amazonwebservicesinc/ubox/raw"},"id":27},
{"action":{"redirect":{"transform":{"queryTransform":{"removeParams":["visitor_id"]}}},"type":"redirect"},"condition":{"domainType":"thirdParty","initiatorDomains":["stackoverflow.jobs"],"resourceTypes":["xmlhttprequest"],"urlFilter":"||jobbio.com/channels/"},"id":28},
{"action":{"redirect":{"transform":{"query":""}},"type":"redirect"},"condition":{"initiatorDomains":["aternos.org"],"requestDomains":["fastlane.rubiconproject.com"],"resourceTypes":["main_frame","sub_frame","xmlhttprequest"]},"id":15215},
{"action":{"redirect":{"transform":{"queryTransform":{"removeParams":["r"]}}},"type":"redirect"},"condition":{"initiatorDomains":["aternos.org"],"requestDomains":["htlb.casalemedia.com"],"resourceTypes":["main_frame","sub_frame","xmlhttprequest"]},"id":15216},
{"action":{"redirect":{"transform":{"queryTransform":{"removeParams":["id"]}}},"type":"redirect"},"condition":{"requestDomains":["sextgem.com"],"resourceTypes":["main_frame","sub_frame","xmlhttprequest"]},"id":15217},
{"action":{"redirect":{"transform":{"queryTransform":{"removeParams":["ad_config_id"]}}},"type":"redirect"},"condition":{"initiatorDomains":["player.stv.tv"],"requestDomains":["brightcove.com"],"resourceTypes":["main_frame","sub_frame","xmlhttprequest"]},"id":15218},
{"action":{"redirect":{"transform":{"queryTransform":{"removeParams":["src"]}}},"type":"redirect"},"condition":{"requestDomains":["wuzhuiso.com"],"resourceTypes":["main_frame","sub_frame","xmlhttprequest"]},"id":15219},
{"action":{"redirect":{"transform":{"queryTransform":{"removeParams":["hybrid_search_extra","hybrid_search_source"]}}},"type":"redirect"},"condition":{"requestDomains":["zhihu.com"],"resourceTypes":["main_frame","sub_frame","xmlhttprequest"]},"id":15220},
{"action":{"redirect":{"transform":{"query":""}},"type":"redirect"},"condition":{"excludedInitiatorDomains":["a-z-animals.com","mediaite.com"],"requestDomains":["adthrive.com"],"resourceTypes":["main_frame","sub_frame","xmlhttprequest"]},"id":15223},
{"action":{"redirect":{"transform":{"queryTransform":{"removeParams":["asc_campaign","asc_refurl","asc_source"]}}},"type":"redirect"},"condition":{"initiatorDomains":["aboutamazon.com","amzn.to"],"resourceTypes":["main_frame","sub_frame","xmlhttprequest"]},"id":15225},
{"action":{"redirect":{"transform":{"queryTransform":{"removeParams":["pp"]}}},"type":"redirect"},"condition":{"requestDomains":["youtube.com"],"resourceTypes":["main_frame","sub_frame","xmlhttprequest"]},"id":15226},
{"action":{"redirect":{"transform":{"queryTransform":{"removeParams":["cxt","ref_src","ref_url","refsrc","s"]}}},"type":"redirect"},"condition":{"initiatorDomains":["twitter.com","x.com"],"resourceTypes":["main_frame","sub_frame","xmlhttprequest"]},"id":15227},
{"action":{"redirect":{"transform":{"queryTransform":{"removeParams":["ig_rid","igsh"]}}},"type":"redirect"},"condition":{"requestDomains":["instagram.com"],"resourceTypes":["main_frame","sub_frame","xmlhttprequest"]},"id":15229},
{"action":{"redirect":{"transform":{"queryTransform":{"removeParams":["igshid"]}}},"type":"redirect"},"condition":{"initiatorDomains":["instagram.com","threads.net"],"resourceTypes":["main_frame","sub_frame","xmlhttprequest"]},"id":15230},
{"action":{"redirect":{"transform":{"queryTransform":{"removeParams":["traffic_source"]}}},"type":"redirect"},"condition":{"requestDomains":["adweek.com"],"resourceTypes":["main_frame","sub_frame","xmlhttprequest"]},"id":15231},
{"action":{"redirect":{"transform":{"queryTransform":{"removeParams":["caid"]}}},"type":"redirect"},"condition":{"initiatorDomains":["nba.com"],"requestDomains":["clips-manifests-aka.warnermediacdn.com"],"resourceTypes":["xmlhttprequest"]},"id":15233},
{"action":{"redirect":{"transform":{"queryTransform":{"removeParams":["prof"]}}},"type":"redirect"},"condition":{"initiatorDomains":["amc.com"],"requestDomains":["ssaimanifest.prod.boltdns.net"],"resourceTypes":["xmlhttprequest"]},"id":15234},
{"action":{"redirect":{"transform":{"queryTransform":{"removeParams":["ad_config_id"]}}},"type":"redirect"},"condition":{"initiatorDomains":["telequebec.tv"],"resourceTypes":["xmlhttprequest"]},"id":15237},
{"action":{"redirect":{"transform":{"queryTransform":{"removeParams":["ad_config_id"]}}},"type":"redirect"},"condition":{"initiatorDomains":["9now.com.au","mech-plus.com","threenow.co.nz"],"requestDomains":["edge.api.brightcove.com"],"resourceTypes":["xmlhttprequest"]},"id":15238},
{"action":{"redirect":{"transform":{"queryTransform":{"removeParams":["ad_config_id"]}}},"type":"redirect"},"condition":{"initiatorDomains":["roosterteeth.com"],"requestDomains":["brightcove.com"],"resourceTypes":["xmlhttprequest"]},"id":15242},
{"action":{"redirect":{"transform":{"query":""}},"type":"redirect"},"condition":{"requestDomains":["go.xlirdr.com"],"resourceTypes":["xmlhttprequest"]},"id":15248},
{"action":{"redirect":{"transform":{"queryTransform":{"removeParams":["utm_campaign","utm_source"]}}},"type":"redirect"},"condition":{"requestDomains":["cxchief.com","faradars.org","iranicard.ir"],"resourceTypes":["main_frame"]},"id":15252},
{"action":{"redirect":{"transform":{"queryTransform":{"removeParams":["utm_content"]}}},"type":"redirect"},"condition":{"requestDomains":["cxchief.com"],"resourceTypes":["main_frame"]},"id":15253},
{"action":{"redirect":{"transform":{"queryTransform":{"removeParams":["cid"]}}},"type":"redirect"},"condition":{"domainType":"thirdParty","requestDomains":["connatix.com"],"resourceTypes":["main_frame","sub_frame","xmlhttprequest"]},"id":15255},
{"action":{"redirect":{"transform":{"queryTransform":{"removeParams":["ad_config_id"]}}},"type":"redirect"},"condition":{"domainType":"thirdParty","initiatorDomains":["tvbanywherena.com"],"requestDomains":["brightcove.com"],"resourceTypes":["xmlhttprequest"]},"id":15258}
]
