[
{"action":{"redirect":{"transform":{"queryTransform":{"removeParams":["referrer"]}}},"type":"redirect"},"condition":{"resourceTypes":["xmlhttprequest"],"urlFilter":"||podbean.com/player^"},"id":1},
{"action":{"redirect":{"transform":{"queryTransform":{"removeParams":["pbss"]}}},"type":"redirect"},"condition":{"resourceTypes":["media"],"urlFilter":"||podbean.com/pb^"},"id":2},
{"action":{"redirect":{"transform":{"queryTransform":{"removeParams":["safarmarketId"]}}},"type":"redirect"},"condition":{"resourceTypes":["main_frame"],"urlFilter":"^safarmarketid="},"id":3},
{"action":{"redirect":{"transform":{"queryTransform":{"removeParams":["search_id"]}}},"type":"redirect"},"condition":{"resourceTypes":["main_frame"],"urlFilter":"||api.torob.com/v4/product-page/redirect^"},"id":4},
{"action":{"redirect":{"transform":{"queryTransform":{"removeParams":["vastUrl"]}}},"type":"redirect"},"condition":{"domainType":"thirdParty","resourceTypes":["main_frame","sub_frame","xmlhttprequest"],"urlFilter":"||tamasha.com/embed^"},"id":5},
{"action":{"redirect":{"transform":{"queryTransform":{"removeParams":["ref"]}}},"type":"redirect"},"condition":{"requestDomains":["arnr.ir","upera.tv"],"resourceTypes":["main_frame","sub_frame","xmlhttprequest"]},"id":603},
{"action":{"redirect":{"transform":{"queryTransform":{"removeParams":["affid","bCode","cpcAdToken"]}}},"type":"redirect"},"condition":{"requestDomains":["digikala.com"],"resourceTypes":["main_frame","sub_frame","xmlhttprequest"]},"id":604},
{"action":{"redirect":{"transform":{"queryTransform":{"removeParams":["rssRedirect"]}}},"type":"redirect"},"condition":{"requestDomains":["eghtesadnews.com"],"resourceTypes":["main_frame","sub_frame","xmlhttprequest"]},"id":605},
{"action":{"redirect":{"transform":{"queryTransform":{"removeParams":["_ga","_gl"]}}},"type":"redirect"},"condition":{"requestDomains":["app.technews-iran.com"],"resourceTypes":["main_frame","sub_frame","xmlhttprequest"]},"id":606},
{"action":{"redirect":{"transform":{"queryTransform":{"removeParams":["referer"]}}},"type":"redirect"},"condition":{"requestDomains":["aparat.com"],"resourceTypes":["xmlhttprequest"]},"id":607},
{"action":{"redirect":{"transform":{"queryTransform":{"removeParams":["source"]}}},"type":"redirect"},"condition":{"requestDomains":["open-platform-redirect.divar.ir","virgool.io"],"resourceTypes":["main_frame"]},"id":610},
{"action":{"redirect":{"transform":{"queryTransform":{"removeParams":["_ref"]}}},"type":"redirect"},"condition":{"requestDomains":["jobinja.ir"],"resourceTypes":["main_frame"]},"id":611},
{"action":{"redirect":{"transform":{"queryTransform":{"removeParams":["_bt__experiment","_ft__ab_test","_ft__shop_score","_http_referrer","_url_referrer","android_app_ver","btn","bvid","device","discover_method","is_adv","pre_prk","session_id","shop_rank","source","suid","uid","user_id"]}}},"type":"redirect"},"condition":{"domainType":"firstParty","requestDomains":["api.torob.com"],"resourceTypes":["main_frame","xmlhttprequest"]},"id":614}
]
