[
{"action":{"redirect":{"transform":{"queryTransform":{"removeParams":["js_api"]}}},"type":"redirect"},"condition":{"initiatorDomains":["mail.ru"],"resourceTypes":["main_frame","sub_frame","xmlhttprequest"],"urlFilter":"||vk.com/video_ext.php?*autoplay=1"},"id":1},
{"action":{"redirect":{"transform":{"queryTransform":{"removeParams":["geoblock"]}}},"type":"redirect"},"condition":{"regexFilter":"(aniqit|kodik).","resourceTypes":["sub_frame"]},"id":2},
{"action":{"redirect":{"transform":{"query":""}},"type":"redirect"},"condition":{"resourceTypes":["sub_frame"],"urlFilter":"||1plus1.video/*/embed/*autoplay=1"},"id":3},
{"action":{"redirect":{"transform":{"queryTransform":{"removeParams":["autoplay"]}}},"type":"redirect"},"condition":{"resourceTypes":["sub_frame"],"urlFilter":"||cosmonova-broadcast.tv/player?autoplay="},"id":4},
{"action":{"redirect":{"transform":{"query":""}},"type":"redirect"},"condition":{"excludedInitiatorDomains":["music.yandex.ru"],"resourceTypes":["sub_frame"],"urlFilter":"||frontend.vh.yandex.ru/player/*autoplay=1"},"id":5},
{"action":{"redirect":{"transform":{"queryTransform":{"removeParams":["autoplay"]}}},"type":"redirect"},"condition":{"resourceTypes":["sub_frame"],"urlFilter":"||ipcamlive.com/player/player.php?*autoplay=true"},"id":6},
{"action":{"redirect":{"transform":{"queryTransform":{"removeParams":["autoplay"]}}},"type":"redirect"},"condition":{"resourceTypes":["sub_frame"],"urlFilter":"||my.mail.ru/video/embed/*autoplay=1"},"id":7},
{"action":{"redirect":{"transform":{"query":""}},"type":"redirect"},"condition":{"resourceTypes":["sub_frame"],"urlFilter":"||sportrecs.com/embed/*autoplay=1"},"id":8},
{"action":{"redirect":{"transform":{"query":""}},"type":"redirect"},"condition":{"resourceTypes":["sub_frame"],"urlFilter":"||u-stream.in/start/*&autoplay=1"},"id":9},
{"action":{"redirect":{"transform":{"queryTransform":{"removeParams":["autostart","skin_name"]}}},"type":"redirect"},"condition":{"resourceTypes":["sub_frame"],"urlFilter":"||video.matchtv.ru/iframe/feed/*autostart=1"},"id":10},
{"action":{"redirect":{"transform":{"queryTransform":{"removeParams":["autoplay"]}}},"type":"redirect"},"condition":{"initiatorDomains":["weukraine.tv"],"resourceTypes":["sub_frame"],"urlFilter":"||youtube-nocookie.com/embed/*autoplay=1"},"id":11},
{"action":{"redirect":{"transform":{"queryTransform":{"removeParams":["autoplay"]}}},"type":"redirect"},"condition":{"excludedInitiatorDomains":["kinoafisha.info","pikabu.ru"],"resourceTypes":["sub_frame"],"urlFilter":"||youtube.com/embed/*autoplay=1"},"id":12},
{"action":{"redirect":{"transform":{"query":""}},"type":"redirect"},"condition":{"resourceTypes":["sub_frame"],"urlFilter":"||ok.ru/videoembed/*autoplay=1"},"id":13},
{"action":{"redirect":{"transform":{"query":""}},"type":"redirect"},"condition":{"domainType":"thirdParty","resourceTypes":["sub_frame"],"urlFilter":"||dzen.ru/embed/*autoplay=1"},"id":14},
{"action":{"redirect":{"transform":{"queryTransform":{"removeParams":["autoplay"]}}},"type":"redirect"},"condition":{"domainType":"thirdParty","excludedInitiatorDomains":["mediahope.ru"],"resourceTypes":["sub_frame"],"urlFilter":"||vk.com/video_ext.php?"},"id":15},
{"action":{"redirect":{"transform":{"queryTransform":{"removeParams":["ref","referal"]}}},"type":"redirect"},"condition":{"requestDomains":["difmark.com"],"resourceTypes":["main_frame"]},"id":5825}
]
