[
{
 "action": {
  "type": "block"
 },
 "condition": {
  "domainType": "thirdParty",
  "excludedInitiatorDomains": [
   "0.0.0.0",
   "127.0.0.1",
   "[::1]",
   "[::]",
   "local",
   "localhost"
  ],
  "regexFilter": "^\\w+:\\/\\/10\\.(?:(?:[1-9]?\\d|1\\d\\d|2(?:[0-4]\\d|5[0-5]))\\.){2}(?:[1-9]?\\d|1\\d\\d|2(?:[0-4]\\d|5[0-5]))[:/]"
 },
 "id": 1
},
{
 "action": {
  "type": "block"
 },
 "condition": {
  "domainType": "thirdParty",
  "excludedInitiatorDomains": [
   "0.0.0.0",
   "127.0.0.1",
   "[::1]",
   "[::]",
   "local",
   "localhost"
  ],
  "regexFilter": "^\\w+:\\/\\/172\\.(?:1[6-9]|2\\d|3[01])(?:\\.(?:[1-9]?\\d|1\\d\\d|2(?:[0-4]\\d|5[0-5]))){2}[:/]"
 },
 "id": 2
},
{
 "action": {
  "type": "block"
 },
 "condition": {
  "domainType": "thirdParty",
  "excludedInitiatorDomains": [
   "0.0.0.0",
   "127.0.0.1",
   "[::1]",
   "[::]",
   "local",
   "localhost"
  ],
  "regexFilter": "^\\w+:\\/\\/192\\.168(?:\\.(?:[1-9]?\\d|1\\d\\d|2(?:[0-4]\\d|5[0-5]))){2}[:/]"
 },
 "id": 3
},
{
 "action": {
  "type": "block"
 },
 "condition": {
  "domainType": "thirdParty",
  "excludedInitiatorDomains": [
   "0.0.0.0",
   "127.0.0.1",
   "[::1]",
   "[::]",
   "local",
   "localhost"
  ],
  "regexFilter": "^\\w+:\\/\\/\\[f(?:[cd][0-9a-f]|e[89a-f])[0-9a-f]:[0-9a-f:]+\\][:/]"
 },
 "id": 4
},
{
 "action": {
  "type": "block"
 },
 "condition": {
  "domainType": "thirdParty",
  "excludedInitiatorDomains": [
   "0.0.0.0",
   "127.0.0.1",
   "[::1]",
   "[::]",
   "local",
   "localhost"
  ],
  "regexFilter": "^\\w+:\\/\\/169\\.254\\.(?:[1-9]\\d?|1\\d{2}|2(?:[0-4]\\d|5[0-4]))\\.(?:[1-9]?\\d|1\\d{2}|2(?:[0-4]\\d|5[0-5]))[:/]"
 },
 "id": 5
},
{
 "action": {
  "type": "block"
 },
 "condition": {
  "domainType": "thirdParty",
  "excludedInitiatorDomains": [
   "0.0.0.0",
   "127.0.0.1",
   "[::1]",
   "[::]",
   "local",
   "localhost"
  ],
  "regexFilter": "^\\w+:\\/\\/\\[::ffff:(?:7f[0-9a-f]{2}|a[0-9a-f]{2}|ac1[0-9a-f]|c0a8|a9fe):[0-9a-f]{1,4}\\][:/]"
 },
 "id": 6
},
{
 "action": {
  "type": "block"
 },
 "condition": {
  "domainType": "thirdParty",
  "excludedInitiatorDomains": [
   "0.0.0.0",
   "127.0.0.1",
   "[::1]",
   "[::]",
   "local",
   "localhost"
  ],
  "regexFilter": "^\\w+:\\/\\/127\\.(?:(?:[1-9]?\\d|1\\d\\d|2(?:[0-4]\\d|5[0-5]))\\.){2}(?:[1-9]?\\d|1\\d\\d|2(?:[0-4]\\d|5[0-5]))[:/]"
 },
 "id": 7
}
]
