[
{"action":{"type":"block"},"condition":{"initiatorDomains":["h-ciyuan.com"],"regexFilter":"secureserver.net\\/.*[-\\/]\\d+x\\d+\\.gif"},"id":1},
{"action":{"type":"block"},"condition":{"initiatorDomains":["meitui.org"],"regexFilter":"meitui.org\\/[a-z][a-z].js"},"id":2},
{"action":{"type":"block"},"condition":{"initiatorDomains":["meitui.org"],"regexFilter":"meitui.org\\/[a-z].js"},"id":3},
{"action":{"type":"block"},"condition":{"initiatorDomains":["higu.tv"],"regexFilter":"\\/upload\\/[a-z0-9]{7}\\/[0-9]+-[0-9]?\\/[a-z0-9]{32}\\.gif"},"id":4},
{"action":{"type":"block"},"condition":{"initiatorDomains":["dngz.net"],"regexFilter":"dngz.net\\/g\\d+.js"},"id":5},
{"action":{"type":"block"},"condition":{"initiatorDomains":["novipnoad.com"],"regexFilter":"\\/theme\\/js\\/[a-z0-9]{5,}\\.js\\?v="},"id":6},
{"action":{"type":"block"},"condition":{"domainType":"firstParty","initiatorDomains":["pcbeta.com"],"isUrlFilterCaseSensitive":true,"regexFilter":"pcbeta\\.com\\/data\\/cache\\/(?:common)?_[a-z]{14}\\.js\\?","resourceTypes":["script"]},"id":7},
{"action":{"type":"block"},"condition":{"domainType":"firstParty","initiatorDomains":["00ksw.com","0794.org","114zww.com","123du.vip","123wx.cc","126shu.org","12zw.net","13txt.net","147xiaoshuo.com","16kxsw.com","17k.com","1biqu.com","1kans.com","1pwx.com","230book.net","23hh.com","23qb.com","23qb.net","23sk.net","23us.tw","23wxx.com","23xstxt.net","2kxs.info","33yq.org","360xs.com","3yt.com","477zw.com","4gxs.cc","4xiaoshuo.net","50zw.co","50zw.com","50zww.net","52biquge.com","52xs.net","56shuku.info","59xs.com","630shu.net","6666xsw.com","67shu.net","69kshu.win","69shu.org","69zww.com","7017k.net","777zw.net","77xsw.cc","81book.com","81new.cc","81zw.me","91zww.com","93xscc.com","99mk.net","9tiefu.com","a6ksw.net","abcxs.net","aiwx.info","aixiashu.net","aixs.la","anshuge.com","b520.cc","b5200.net","bamxs.com","baoshuu.com","bbiquge.cc","bbiquge8.net","bequmo.com","bimixsw.com","biqiuge8.cc","biqudd.com","biqudu.tv","biquge775.com","biquge98.net","biquge99.cc","biqugecd.com","biqugee6.com","biqugesc.org","biqugewu.net","biqugse.com","biquka.com","biqukt.com","biquluo.net","biqupai.com","biququ.info","biqusk.com","biqutsxs.com","biquzw.info","bjsxjy.com","bodekang.net","boquku.com","bqg999.net","bqwxg8.com","bshuku.com","bxwx.live","bxwx00.com","bxwx888.org","changduzw.com","chenkuan.com","clwx666.com","damengzhu1.com","ddbqgtxt.cc","diyibanzhu9.pro","dizishu.com","dobiez.com","doupocangqiong.info","dpcq1.com","dpcq1.net","duanwenxue.com","fxsc6.net","fyxfcw.com","gaofuwu.org","gdbzkz.com","gdbzkz.org","hongyeshuzhai.com","huanyue1234.com","ibiqu.org","ibiquges.com","ibiquta.net","ibotaodz.org","idzs.org","ijjjxs.net","imianhuatang.info","ishisetianxia.com","ishubao.org","ivipxs.com","iwurexs.info","ixs.la","jcdf99.com","jianlaixiaoshuo.com","jieshengit.com","jiezhong.cc","jingwubook.com","jmshuwu.net","kanshu5.net","kanshushi.com","lansezw.com","lewen123.com","lewenge.info","lewxs.com","liewenn.com","liudatxt.org","longzu5.net","luoqiu.io","luoqiuzw.com","maxreader.la","mcmssc.net","mingrenteahouse.com","mqxs.com","nuanyuehanxing.com","oldtimesxs.cc","paoshu8.com","paoshuzw.com","piaotian.la","pksge.com","prpcoin.com","qianrenge.cc","qiqidu.net","qishula.com","qishuta.info","qiuyelou.net","qqxsnew.net","qqxsw.so","qr1234.com","quge66.com","ranwen.la","rizhaoxs.com","rmipoz.com","roushuwu6.com","rr3r.com","sbooktxt.com","sdhckt.com","sdhear.com","shanhaimiwenlu.com","shenshuxs.org","shenzu.org","shu008.com","shubaowang.cc","shuhaiwu.com","shumi.la","shumil.co","shuquso.com","shuyy8.com","silukeke.com","silukex.com","siluwx.org","sinodan.cc","sjks88.com","soduha.la","sthuojia.org","stxsw.com","sxcnw.net","sytxt.cc","ting56.cc","tpsge.info","trxs.cc","ttzw.tv","tutengzw.com","txtduo.com","txtwan.com","tysk.cc","u33.cc","u33.me","viviyzw.com","wenxuem.com","wenxuemi.cc","whzh-xs.com","wodexiaoshuoh.com","wolaidu1.com","x23us.me","x23us.us","x81zw.co","xbiqugela.com","xbiqugexx.com","xbiquke.com","xbxwx.cc","xdingdian.cc","xhtxt.cc","xhytd.com","xiashuyun.com","xiaxs.info","xinqingdou.net","xinremenxs.com","xinxs.la","xiushukong.com","xquge6.com","xs5200.com","xs7788.com","xsb-xs.com","xstt5.com","xszww8.net","xuanjiezhimen.org","xuanshu.org","xuessex.com","xunsilu86.com","xwdsc.com","xxbiqudu.com","xygwh.cc","xyuanzunxs.com","yemancomic.com","ygshu.com","yingsx.com","ymxwx.com","yqd6.com","ysxs8.vip","yunhaixianzong.com","yunxs.info","yuyougu.com","zhuishubox.com","zydu3.com","zzs5.info"],"regexFilter":"\\/\\w{8}\\/\\w{10}\\.","resourceTypes":["script"]},"id":8},
{"action":{"type":"block"},"condition":{"domainType":"thirdParty","regexFilter":":\\/\\/666(7|8)[0-9]{2}.xyz\\/","resourceTypes":["image"]},"id":9},
{"action":{"type":"block"},"condition":{"domainType":"thirdParty","regexFilter":"\\.(com|cn|top|xyz)\\/(j|K)\\/[0-9]{6}$","resourceTypes":["script"]},"id":10},
{"action":{"type":"block"},"condition":{"domainType":"thirdParty","regexFilter":"\\.(cyou|ink)\\/[a-z]{4}_[0-9]{5}_[a-z]{5}js\\?","resourceTypes":["script"]},"id":11},
{"action":{"type":"block"},"condition":{"domainType":"thirdParty","regexFilter":"\\.(cc|com|top|xyz)\\/i\\/v$","resourceTypes":["xmlhttprequest"]},"id":12}
]
