[
{"action":{"type":"block"},"condition":{"regexFilter":"^https?:\\/\\/.*\\/easylist\\/[0-9]{5}"},"id":1},
{"action":{"type":"block"},"condition":{"regexFilter":"(https?:\\/\\/)104\\.154\\..{100,}"},"id":2},
{"action":{"type":"block"},"condition":{"regexFilter":"(https?:\\/\\/)104\\.197\\..{100,}"},"id":3},
{"action":{"type":"block"},"condition":{"regexFilter":"(https?:\\/\\/)104\\.198\\..{100,}"},"id":4},
{"action":{"type":"block"},"condition":{"domainType":"thirdParty","regexFilter":"^https:\\/\\/cdn\\.jsdelivr\\.net\\/npm\\/[-a-z_]{4,22}@latest\\/dist\\/script\\.min\\.js$","resourceTypes":["script"]},"id":5},
{"action":{"type":"block"},"condition":{"regexFilter":"(https?:\\/\\/)130\\.211\\..{100,}"},"id":6},
{"action":{"type":"block"},"condition":{"regexFilter":"(https?:\\/\\/)142\\.91\\.159\\..{100,}"},"id":7},
{"action":{"type":"block"},"condition":{"regexFilter":"(https?:\\/\\/)213\\.32\\.115\\..{100,}"},"id":8},
{"action":{"type":"block"},"condition":{"regexFilter":"(https?:\\/\\/)216\\.21\\..{100,}"},"id":9},
{"action":{"type":"block"},"condition":{"regexFilter":"(https?:\\/\\/)217\\.182\\.11\\..{100,}"},"id":10},
{"action":{"type":"block"},"condition":{"regexFilter":"(https?:\\/\\/)51\\.195\\.31\\..{100,}"},"id":11},
{"action":{"type":"block"},"condition":{"initiatorDomains":["1337x.to","cryptobriefing.com","eztv.io","eztv.tf","eztv.yt","fmovies.taxi","fmovies.world","limetorrents.info","megaup.net","mrunlock.kim","newser.com","sendit.cloud","tapelovesads.org","torlock.com","uiz.io","userscloud.com","vev.red","vidbull.tv","vidup.io","yourbittorrent2.com"],"regexFilter":"^https?:\\/\\/.*bit(ly)?\\.(com|ly)\\/"},"id":12},
{"action":{"type":"block"},"condition":{"initiatorDomains":["1vag.com","4tube.com","asianpornmovies.com","getsex.xxx","glam0ur.com","hclips.com","hdzog.com","homemadevids.org","hotmovs.com","justthegays.com","milfzr.com","porn555.com","pornforrelax.com","pornj.com","pornl.com","puporn.com","see.xxx","shemalez.com","sss.xxx","streanplay.cc","thegay.com","thegay.porn","tits-guru.com","tubepornclassic.com","tuberel.com","txxx.com","txxx.tube","upornia.com","vjav.com","voyeurhit.com","xozilla.com"],"regexFilter":"^https?:\\/\\/.*\\.(club|news|live|online|store|tech|guru|cloud|bid|xyz|site|pro|info|online|icu|monster|buzz|fun|website|photos|re|casa|top|today|space|network|live|work|systems|ml|world|life)\\/.*"},"id":13},
{"action":{"type":"block"},"condition":{"regexFilter":"^https:\\/\\/([a-z]+\\.)?sythe\\.org\\/[\\w\\W]{30,}","resourceTypes":["image"]},"id":14},
{"action":{"type":"block"},"condition":{"initiatorDomains":["ipatriot.com"],"regexFilter":"^https?:\\/\\/(.+?\\.)?ipatriot\\.com[\\/]{1,}.*[a-zA-Z0-9]{9,}\\/[a-zA-Z0-9]{6,}\\/.*","resourceTypes":["image"]},"id":15},
{"action":{"type":"block"},"condition":{"initiatorDomains":["letocard.fr"],"regexFilter":"^https?:\\/\\/(.+?\\.)?letocard\\.fr[\\/]{1,}.*[a-zA-Z0-9]{3,7}\\/[a-zA-Z0-9]{6,}\\/.*","resourceTypes":["image"]},"id":16},
{"action":{"type":"block"},"condition":{"initiatorDomains":["letocard.fr"],"regexFilter":"^https?:\\/\\/(.+?\\.)?letocard\\.fr\\/[a-zA-Z0-9]{3,7}\\/[a-zA-Z0-9]{6,}\\/.*","resourceTypes":["image"]},"id":17},
{"action":{"type":"block"},"condition":{"initiatorDomains":["lovezin.fr"],"regexFilter":"^https?:\\/\\/(.+?\\.)?lovezin\\.fr[\\/]{1,}.*[a-zA-Z0-9]{7,9}\\/[a-zA-Z0-9]{10,}\\/.*","resourceTypes":["image"]},"id":18},
{"action":{"type":"block"},"condition":{"initiatorDomains":["naturalblaze.com"],"regexFilter":"^https?:\\/\\/(.+?\\.)?naturalblaze\\.com\\/wp-content\\/uploads\\/.*[a-zA-Z0-9]{14,}\\.*","resourceTypes":["image"]},"id":19},
{"action":{"type":"block"},"condition":{"initiatorDomains":["newser.com"],"regexFilter":"^https?:\\/\\/(.+?\\.)?newser\\.com[\\/]{1,}.*[a-zA-Z0-9]{3,7}\\/[a-zA-Z0-9]{6,}\\/.*","resourceTypes":["image"]},"id":20},
{"action":{"type":"block"},"condition":{"initiatorDomains":["rightwingnews.com"],"regexFilter":"^https?:\\/\\/(.+?\\.)?rightwingnews\\.com[\\/]{1,9}.*[a-zA-Z0-9]{8,}\\/[a-zA-Z0-9]{6,}\\/.*","resourceTypes":["image"]},"id":21},
{"action":{"type":"block"},"condition":{"initiatorDomains":["topminceur.fr"],"regexFilter":"^https?:\\/\\/(.+?\\.)?topminceur\\.fr\\/[a-zA-Z0-9]{6,}\\/[a-zA-Z0-9]{3,}\\/.*","resourceTypes":["image"]},"id":22},
{"action":{"type":"block"},"condition":{"initiatorDomains":["vitamiiin.com"],"regexFilter":"^https?:\\/\\/(.+?\\.)?vitamiiin\\.com\\/[\\/][\\/a-zA-Z0-9]{3,}\\/[a-zA-Z0-9]{6,}\\/.*","resourceTypes":["image"]},"id":23},
{"action":{"type":"block"},"condition":{"initiatorDomains":["writerscafe.org"],"regexFilter":"^https?:\\/\\/(.+?\\.)?writerscafe\\.org[\\/]{1,}.*[a-zA-Z0-9]{3,7}\\/[a-zA-Z0-9]{6,}\\/.*","resourceTypes":["image"]},"id":24},
{"action":{"type":"block"},"condition":{"initiatorDomains":["allthingsvegas.com","aupetitparieur.com","beforeitsnews.com","bigleaguepolitics.com","canadafreepress.com","concomber.com","conservativefiringline.com","dailylol.com","ipatriot.com","mamieastuce.com","meilleurpronostic.fr","miaminewtimes.com","naturalblaze.com","patriotnationpress.com","populistpress.com","thegatewaypundit.com","thelibertydaily.com","toptenz.net","vitamiiin.com","westword.com","wltreport.com","writerscafe.org"],"regexFilter":"^https?:\\/\\/.*\\.(com|net|org|fr)\\/[A-Za-z0-9]{1,}\\/[A-Za-z0-9]{1,}\\/[A-Za-z0-9]{2,}\\/.*","resourceTypes":["image"]},"id":25},
{"action":{"type":"block"},"condition":{"initiatorDomains":["555.porn","abxxx.com","aniporn.com","asiantv.fun","bdsmx.tube","bigdick.tube","blackporn.tube","gaytxxx.com","hclips.com","imzog.com","in-porn.com","inporn.com","javdaddy.com","mrgay.tube","onlyporn.tube","porn555.com","pornclassic.tube","pornforrelax.com","porngo.tube","pornhits.com","pornj.com","pornl.com","pornq.com","porntop.com","pornzog.com","privatehomeclips.com","puporn.com","see.xxx","senzuri.tube","sextu.com","shemalez.com","sss.xxx","teenorgy.video","tubepornclassic.com","tuberel.com","txxxporn.tube","vxxx.com","xjav.tube","xmilf.com"],"regexFilter":"\\.[a-z]{3,5}\\/[0-9a-z]{8,12}\\/[0-9a-z]{8,12}\\.js$","resourceTypes":["script"]},"id":26},
{"action":{"type":"block"},"condition":{"regexFilter":"\\/t\\/[0-9]{3}\\/[0-9]{3}\\/a[0-9]{4,9}\\.js$","resourceTypes":["script"]},"id":27},
{"action":{"type":"block"},"condition":{"initiatorDomains":["embedflix.online","koyso.com","methstreams.com","nepu.to"],"regexFilter":"\\/z-[a-z0-9]{7,10}(\\.js)?$","resourceTypes":["script"]},"id":28},
{"action":{"type":"block"},"condition":{"initiatorDomains":["1337x.to","cashurl.in","clickndownload.click","clicknupload.click","cloudvideo.tv","downloadpirate.com","fmovies.taxi","fmovies.world","hurawatch.at","igg-games.com","indishare.org","linksly.co","megaup.net","mixdrop.ag","mp3-convert.org","nutritioninsight.com","ouo.press","pcgamestorrents.com","pcgamestorrents.org","powvideo.net","powvldeo.cc","primewire.sc","proxyer.org","sendit.cloud","sendspace.com","shrinke.me","shrinkhere.xyz","solarmovie.to","theproxy.ws","uiz.io","up-load.io","upload.ac","uploadever.com","uploadrar.com","uploadrive.com","uplovd.com","upstream.to","userscloud.com","vidbull.tv","vidoza.co","vidoza.net","vidup.io","vumoo.life","xtits.com","yourbittorrent2.com","ziperto.com"],"regexFilter":"^https?:\\/\\/.*\\/.*(sw[0-9a-z._-]{1,6}|\\.notify\\.).*","resourceTypes":["script"]},"id":29},
{"action":{"type":"block"},"condition":{"initiatorDomains":["1vag.com","4tube.com","adult-channels.com","analdin.com","biguz.net","bogrodius.com","chikiporn.com","fantasti.cc","fuqer.com","fux.com","hclips.com","heavy-r.com","hog.tv","megapornx.com","milfzr.com","mypornhere.com","porn555.com","pornchimp.com","pornerbros.com","pornj.com","pornl.com","pornototale.com","porntube.com","sexu.com","sss.xxx","thisav.com","titkino.net","tubepornclassic.com","tuberel.com","tubev.sex","txxx.com","vidmo.org","vpornvideos.com","xozilla.com","youporn.lc","youpornhub.it","yourdailypornstars.com"],"regexFilter":"^https?:\\/\\/.*\\/.*sw[0-9._].*","resourceTypes":["script","xmlhttprequest"]},"id":30},
{"action":{"type":"block"},"condition":{"initiatorDomains":["3movs.com","4kporn.xxx","4tube.com","alotporn.com","alphaporno.com","alrincon.com","amateur8.com","anyporn.com","badjojo.com","bdsmstreak.com","bestfreetube.xxx","bigtitslust.com","bravotube.net","cockmeter.com","crazyporn.xxx","daftporn.com","ebony8.com","erome.com","exoav.com","fantasti.cc","fapality.com","fapnado.com","fetishshrine.com","freeporn8.com","gfsvideos.com","gotporn.com","hdporn24.org","hdpornmax.com","hdtube.porn","hellporno.com","hentai2w.com","hottorrent.org","hqsextube.xxx","hqtube.xxx","iceporn.com","imgderviches.work","imx.to","its.porn","katestube.com","lesbian8.com","love4porn.com","lustypuppy.com","manga18fx.com","manhwa18.cc","maturetubehere.com","megatube.xxx","milffox.com","momxxxfun.com","openloadporn.co","orsm.net","pervclips.com","porn-plus.com","porndr.com","pornicom.com","pornid.xxx","pornotrack.net","pornrabbit.com","pornwatchers.com","pornwhite.com","pussy.org","redhdtube.xxx","rule34.art","rule34pornvids.com","runporn.com","sexvid.porn","sexvid.pro","sexvid.xxx","sexytorrents.info","shameless.com","sleazyneasy.com","sortporn.com","stepmom.one","stileproject.com","str8ongay.com","tnaflix.com","urgayporn.com","vikiporn.com","wankoz.com","xbabe.com","xcafe.com","xhqxmovies.com","xxx-torrent.net","xxxdessert.com","xxxextreme.org","xxxonxxx.com","yourlust.com","youx.xxx","zbporn.com","zbporn.tv"],"regexFilter":"^https?:\\/\\/.*\\/[a-z0-9A-Z_]{2,15}\\.(php|jx|jsx|1ph|jsf|jz|jsm|j$)","resourceTypes":["script","sub_frame"]},"id":31},
{"action":{"type":"block"},"condition":{"initiatorDomains":["eporner.com"],"regexFilter":"^https?:\\/\\/.*\\.eporner\\.com\\/[0-9a-f]{10,}\\/$","resourceTypes":["script"]},"id":32},
{"action":{"type":"block"},"condition":{"initiatorDomains":["kleinanzeigen.de"],"regexFilter":"^https?:\\/\\/fdts\\.ebay-kleinanzeigen\\.de\\/[a-z0-9]{13,18}\\.js\\?","resourceTypes":["script"]},"id":33},
{"action":{"type":"block"},"condition":{"initiatorDomains":["spectrum.net"],"regexFilter":"^https?:\\/\\/pov\\.spectrum\\.net\\/[a-zA-Z0-9]{14,}\\.js","resourceTypes":["script"]},"id":34},
{"action":{"type":"block"},"condition":{"initiatorDomains":["tjx.com"],"regexFilter":"^https?:\\/\\/tjmaxx\\.tjx\\.com\\/libraries\\/[a-z0-9]{20,}","resourceTypes":["script","xmlhttprequest"]},"id":35},
{"action":{"type":"block"},"condition":{"initiatorDomains":["mbna.ca","td.com","tdbank.com"],"regexFilter":"^https?:\\/\\/tmx\\.(td|tdbank)\\.com\\/[a-z0-9]{14,18}\\.js.*","resourceTypes":["script"]},"id":36},
{"action":{"type":"block"},"condition":{"initiatorDomains":["kleinanzeigen.de"],"regexFilter":"^https?:\\/\\/www\\.ebay-kleinanzeigen\\.de\\/[a-z0-9]{8}\\-[0-9a-f]{4}\\-","resourceTypes":["script"]},"id":37},
{"action":{"type":"block"},"condition":{"initiatorDomains":["kroger.com"],"regexFilter":"^https?:\\/\\/www\\.kroger\\.com\\/content\\/{20,}","resourceTypes":["script","xmlhttprequest"]},"id":38},
{"action":{"type":"block"},"condition":{"regexFilter":"^https?:\\/\\/(?:ak\\.)?[a-z]{6,12}\\.(?:com|net)\\/4\\/\\d{7}","resourceTypes":["main_frame","sub_frame"]},"id":39},
{"action":{"type":"block"},"condition":{"isUrlFilterCaseSensitive":true,"regexFilter":"^https?:\\/\\/[0-9a-z]*\\.?[-0-9a-z]{4,}\\.[a-z]{2,11}\\.?[a-z]{0,7}\\/(?:[0-9a-z]{6,10}\\/)?\\/?(?:article\\d{4}\\.doc)?\\?(?:cid=[0-9a-z]+&)?u=[0-9a-z]{7}(?:&t=\\d+)?&o=[0-9a-z]{7}","resourceTypes":["main_frame","sub_frame"]},"id":40},
{"action":{"type":"block"},"condition":{"isUrlFilterCaseSensitive":true,"regexFilter":"^https?:\\/\\/[0-9a-z]*\\.?[-0-9a-z]{4,}\\.[a-z]{2,11}\\.?[a-z]{0,7}\\/(?:[0-9a-z]{6,10}\\/)?\\/?(?:article\\d{4}\\.doc)?\\?(?:cid=[0-9a-z]+&)?o=[0-9a-z]{7}(?:&t=\\d+)?&u=[0-9a-z]{7}","resourceTypes":["main_frame","sub_frame"]},"id":41},
{"action":{"type":"block"},"condition":{"regexFilter":"\\/[0-9a-z]{8,10}\\?shu=[0-9a-z]{150,}","resourceTypes":["main_frame"]},"id":42},
{"action":{"type":"block"},"condition":{"regexFilter":"\\/(?:[0-9a-z]{7,25}-){9,13}[0-9a-z]{10,15}\\/(?:[0-9a-z]+\\/)+index\\.php","resourceTypes":["main_frame"]},"id":43},
{"action":{"type":"block"},"condition":{"regexFilter":"_dating\\d\\/index\\.html\\?aref=","resourceTypes":["main_frame"]},"id":44},
{"action":{"type":"block"},"condition":{"regexFilter":"\\.com\\/proc\\.php\\?[0-9a-f]{40}$","resourceTypes":["main_frame"]},"id":45},
{"action":{"type":"block"},"condition":{"initiatorDomains":["life","live","top","xyz"],"isUrlFilterCaseSensitive":true,"regexFilter":"^https:\\/\\/[0-9a-z]{3,}\\.[-a-z]{10,}\\.(?:li[fv]e|top|xyz)\\/[a-z]{8}\\/(?:article\\d{4}\\.doc)?\\?utm_campaign=\\w{40,}","resourceTypes":["main_frame"]},"id":46},
{"action":{"type":"block"},"condition":{"initiatorDomains":["biz"],"regexFilter":"^https:\\/\\/[a-z]{2,3}\\d\\.biz\\/go\\/[0-9a-z]{15,18}$","resourceTypes":["main_frame"]},"id":47},
{"action":{"type":"block"},"condition":{"initiatorDomains":["biz"],"regexFilter":"^https:\\/\\/serch\\d{2}\\.biz\\/\\?p=","resourceTypes":["main_frame"]},"id":48},
{"action":{"type":"block"},"condition":{"initiatorDomains":["com"],"isUrlFilterCaseSensitive":true,"regexFilter":"^http:\\/\\/[a-z]{5}\\.[a-z]{5}\\.com\\/[a-z]{10}\\.apk$","resourceTypes":["main_frame"]},"id":49},
{"action":{"type":"block"},"condition":{"regexFilter":"^https:\\/\\/[a-z]+\\.com\\/away\\.php\\?url=[%0-9A-z]{100,}$","resourceTypes":["main_frame"]},"id":50},
{"action":{"type":"block"},"condition":{"regexFilter":"^https:\\/\\/[0-9a-z]{12,16}\\.azureedge\\.net\\/\\d{4}\\/","resourceTypes":["main_frame"]},"id":51},
{"action":{"type":"block"},"condition":{"initiatorDomains":["top"],"isUrlFilterCaseSensitive":true,"regexFilter":"^https:\\/\\/[a-z]{5,7}\\.[0-9a-z]{12}\\.top\\/[0-9a-f]{32}\\/[0-9-a-f]{32}\\/$","resourceTypes":["main_frame"]},"id":52},
{"action":{"type":"block"},"condition":{"initiatorDomains":["com","top"],"isUrlFilterCaseSensitive":true,"regexFilter":"\\/[0-9a-f]{32}\\/maq\\/$","resourceTypes":["main_frame"]},"id":53},
{"action":{"type":"block"},"condition":{"initiatorDomains":["gov.br"],"isUrlFilterCaseSensitive":true,"regexFilter":"\\.br\\/(?:[a-z]{4,8}\\/){1,2}\\?(?:app|patt|videos?)=\\S+\\.shtml$","resourceTypes":["main_frame"]},"id":54},
{"action":{"type":"block"},"condition":{"excludedInitiatorDomains":["dienmayxanh.com"],"initiatorDomains":["com"],"regexFilter":"^https?:\\/\\/dienmayxanh[-a-z0-9]+\\.com\\/","resourceTypes":["main_frame"]},"id":55},
{"action":{"type":"block"},"condition":{"initiatorDomains":["cc"],"regexFilter":"^https:\\/\\/vietg[a-z]v[0-9]*\\.cc\\/","resourceTypes":["main_frame"]},"id":56},
{"action":{"type":"block"},"condition":{"initiatorDomains":["com"],"regexFilter":"^https:\\/\\/dich-vu(?:-[a-z0-9]+){2,3}\\.com\\/","resourceTypes":["main_frame"]},"id":57},
{"action":{"type":"block"},"condition":{"excludedInitiatorDomains":["booking.com"],"initiatorDomains":["eu"],"regexFilter":"^https:\\/\\/(?:[a-z]+\\.)?hotel-(?:id)?\\d{3,8}\\.eu\\/","resourceTypes":["main_frame"]},"id":58},
{"action":{"type":"block"},"condition":{"excludedInitiatorDomains":["edu","gov","gov.vn","tpb.vn"],"regexFilter":"^https:\\/\\/tpbank\\.[-a-z0-9]{5,}\\.[a-z]{3}(?:\\.vn)?\\/","resourceTypes":["main_frame"]},"id":59},
{"action":{"type":"block"},"condition":{"excludedInitiatorDomains":["shopee.vn"],"initiatorDomains":["com"],"regexFilter":"^https:\\/\\/sp\\d{2,3}88(?:vn)?\\.com\\/","resourceTypes":["main_frame"]},"id":60},
{"action":{"type":"block"},"condition":{"excludedInitiatorDomains":["booking.com"],"initiatorDomains":["com"],"regexFilter":"^https:\\/\\/(?:[a-z]+\\.)?hotel-(?:id)?\\d{3,8}\\.com\\/","resourceTypes":["main_frame"]},"id":61},
{"action":{"type":"block"},"condition":{"excludedInitiatorDomains":["garena.vn"],"initiatorDomains":["vn"],"regexFilter":"^https:\\/\\/(?:www\\.)?(?:ff[-.])?member[-.]gare[a-z]+a(?:\\.pro)?\\.vn\\/","resourceTypes":["main_frame"]},"id":62},
{"action":{"type":"block"},"condition":{"excludedInitiatorDomains":["garena.vn"],"initiatorDomains":["vn"],"regexFilter":"^https:\\/\\/(?:www\\.)?(?:ff[-.])?men?mber[-.]garena\\.vn\\/","resourceTypes":["main_frame"]},"id":63},
{"action":{"type":"block"},"condition":{"excludedInitiatorDomains":["usps.com"],"initiatorDomains":["com","top"],"regexFilter":"^https:\\/\\/usps\\.[-a-z]{6,}\\.(?:com|top)\\/(?:address\\.html|information|verify)\\b","resourceTypes":["main_frame"]},"id":64},
{"action":{"type":"block"},"condition":{"excludedInitiatorDomains":["usps.com"],"initiatorDomains":["com"],"regexFilter":"^https:\\/\\/ur[cex][a-z]{2,4}\\.com\\/(?:address\\.html|information|verify)\\b","resourceTypes":["main_frame"]},"id":65},
{"action":{"type":"block"},"condition":{"initiatorDomains":["weeblysite.com"],"regexFilter":"^https:\\/\\/(?:[a-z0-9]{2,}-)+10\\d{4}\\.weeblysite\\.com\\/","resourceTypes":["main_frame"]},"id":66},
{"action":{"type":"block"},"condition":{"initiatorDomains":["square.site"],"regexFilter":"^https:\\/\\/(?:[a-z0-9]{2,}-)+10\\d{4}\\.square\\.site\\/","resourceTypes":["main_frame"]},"id":67},
{"action":{"type":"block"},"condition":{"initiatorDomains":["codeanyapp.com"],"regexFilter":"^https:\\/\\/[^.]+\\.codeanyapp\\.com\\/wp-content\\/.+\\/spo[a-z]{2}i\\/","resourceTypes":["main_frame"]},"id":68},
{"action":{"type":"block"},"condition":{"excludedInitiatorDomains":["pancakeswap.finance"],"initiatorDomains":["vercel.app"],"regexFilter":"^https:\\/\\/pancake(?:dro|swa)pclick\\d+\\.vercel\\.app\\/","resourceTypes":["main_frame"]},"id":69},
{"action":{"type":"block"},"condition":{"domainType":"firstParty","initiatorDomains":["tgx.rs"],"isUrlFilterCaseSensitive":true,"regexFilter":"\\/common\\/images\\/[a-z0-9]{1,5}\\-[a-z0-9]{1,5}\\.png$","resourceTypes":["image"]},"id":70},
{"action":{"type":"block"},"condition":{"excludedInitiatorDomains":["edu","gov","midjourney.com"],"regexFilter":"^https:\\/\\/(?:ai|art|get)-?midjourney[^\\/]+\\/","resourceTypes":["main_frame"]},"id":71},
{"action":{"type":"block"},"condition":{"excludedInitiatorDomains":["edu","gov","midjourney.com"],"regexFilter":"^https:\\/\\/mid-journey\\.[a-z]+\\/","resourceTypes":["main_frame"]},"id":72},
{"action":{"type":"block"},"condition":{"excludedInitiatorDomains":["booking.com"],"initiatorDomains":["eu"],"regexFilter":"^https:\\/\\/hotels-\\d{6}\\.eu\\/","resourceTypes":["main_frame"]},"id":73},
{"action":{"type":"block"},"condition":{"domainType":"firstParty","initiatorDomains":["hottystop.com"],"regexFilter":"\\.com\\/[_0-9a-zA-Z]+\\.jpg$","resourceTypes":["image"]},"id":74},
{"action":{"type":"block"},"condition":{"domainType":"firstParty","initiatorDomains":["paste.fo"],"regexFilter":"paste\\.fo\\/[A-Z0-9]{70,130}\\.(gif|jpeg|jpg)$","resourceTypes":["image"]},"id":75},
{"action":{"type":"block"},"condition":{"domainType":"firstParty","initiatorDomains":["nyaa.land"],"regexFilter":"nyaa\\.land\\/static\\/[a-z0-9]{32}\\.jpg$","resourceTypes":["image"]},"id":76},
{"action":{"type":"block"},"condition":{"domainType":"firstParty","initiatorDomains":["playsexgames.xxx"],"regexFilter":"xxx\\/(?:[a-z]+[_-]){1,2}[a-z]+\\.(?:gif|jpg)$","resourceTypes":["image"]},"id":77},
{"action":{"type":"block"},"condition":{"domainType":"firstParty","initiatorDomains":["palcomix.com"],"regexFilter":"\\.com\\/(full)?ad[0-9a-z]+\\.(?:gif|jpg)$","resourceTypes":["image"]},"id":78},
{"action":{"type":"block"},"condition":{"domainType":"firstParty","initiatorDomains":["thesquarshers.com"],"regexFilter":"\\/images\\/(?:Banner\\d{1,2}\\.|[a-z]{3}\\/)","resourceTypes":["image"]},"id":79},
{"action":{"type":"block"},"condition":{"domainType":"firstParty","initiatorDomains":["demonoid.is"],"isUrlFilterCaseSensitive":true,"regexFilter":"demonoid\\.is\\/[a-z0-9]{24}\\.jpg$","resourceTypes":["image"]},"id":80},
{"action":{"type":"block"},"condition":{"domainType":"firstParty","initiatorDomains":["distrowatch.com"],"regexFilter":"^https:\\/\\/distrowatch\\.com\\/images\\/[a-z]+\\/[a-z]+$","resourceTypes":["image"]},"id":81},
{"action":{"type":"block"},"condition":{"excludedInitiatorDomains":["booking.com"],"initiatorDomains":["eu"],"regexFilter":"^https:\\/\\/booking\\.[a-z]{3,}-(?:id)?\\d{3,8}\\.eu\\/","resourceTypes":["main_frame"]},"id":82},
{"action":{"type":"block"},"condition":{"domainType":"firstParty","isUrlFilterCaseSensitive":true,"regexFilter":"\\/[A-Z]{1,2}\\/[-0-9a-z]{5,}\\.com\\/(?:[0-9a-f]{2}\\/){3}[0-9a-f]{32}\\.js$","resourceTypes":["script"]},"id":83},
{"action":{"type":"block"},"condition":{"domainType":"firstParty","initiatorDomains":["imgadult.com","imgdrive.net","imgtaxi.com","imgwallet.com"],"regexFilter":"(?:com|net)\\/[0-9a-f]{12}\\.js$","resourceTypes":["script"]},"id":84},
{"action":{"type":"block"},"condition":{"domainType":"firstParty","initiatorDomains":["hentai2w.com"],"regexFilter":"\\.com\\/\\d+\\/[0-9a-z]+\\.js$","resourceTypes":["script"]},"id":85},
{"action":{"type":"block"},"condition":{"domainType":"firstParty","initiatorDomains":["camvideos.org"],"regexFilter":"\\/[0-9a-f]{12}\\.js$","resourceTypes":["script"]},"id":86},
{"action":{"type":"block"},"condition":{"domainType":"firstParty","initiatorDomains":["thesun.co.uk"],"isUrlFilterCaseSensitive":true,"regexFilter":"^https:\\/\\/www\\.thesun\\.co\\.uk\\/[0-9a-z]{32}\\.js$","resourceTypes":["script"]},"id":87},
{"action":{"type":"block"},"condition":{"domainType":"firstParty","initiatorDomains":["povaddict.com"],"regexFilter":"\\.com\\/[a-zA-Z]{10}\\.js$","resourceTypes":["script"]},"id":88},
{"action":{"type":"block"},"condition":{"domainType":"firstParty","initiatorDomains":["zetporn.com"],"regexFilter":"\\.com\\/[A-Za-z]{9,}\\/[A-Za-z]{9,}\\.js$","resourceTypes":["script"]},"id":89},
{"action":{"type":"block"},"condition":{"initiatorDomains":["ru"],"regexFilter":"^https?:\\/\\/([a-z]{4,}\\.)?support-\\d{1,2}\\.ru\\/","resourceTypes":["main_frame"]},"id":90},
{"action":{"type":"block"},"condition":{"domainType":"firstParty","initiatorDomains":["teen-hd-sex.com","tube-teen-18.com","xxx-asian-tube.com"],"regexFilter":"\\.com\\/[0-9a-z]{12,}\\/[0-9a-z]{12,}\\.js$","resourceTypes":["script"]},"id":91},
{"action":{"type":"block"},"condition":{"domainType":"firstParty","initiatorDomains":["fleshed.com"],"regexFilter":"\\/static\\/[0-9a-z]+\\/[0-9a-z]+\\.js$","resourceTypes":["script"]},"id":92},
{"action":{"type":"block"},"condition":{"domainType":"firstParty","initiatorDomains":["eropics.to"],"regexFilter":"eropics\\.to\\/[a-zA-Z0-9]{8}\\.js$","resourceTypes":["script"]},"id":93},
{"action":{"type":"block"},"condition":{"domainType":"firstParty","initiatorDomains":["ennovelas.com"],"regexFilter":"^https:\\/\\/www\\.ennovelas\\.com\\/[a-z0-9]{10}$","resourceTypes":["script"]},"id":94},
{"action":{"type":"block"},"condition":{"domainType":"firstParty","regexFilter":"\\/assets\\/jquery\\/jquery-\\d\\.\\d\\.(?:\\d\\.)?min\\.js\\?(?:v=2)?&?type=(?:adult|mainstream)$","resourceTypes":["script"]},"id":95},
{"action":{"type":"block"},"condition":{"domainType":"firstParty","initiatorDomains":["com"],"regexFilter":"\\/js\\/\\d{2,3}eka\\d{2,3}\\.js$","resourceTypes":["script"]},"id":96},
{"action":{"type":"block"},"condition":{"domainType":"firstParty","initiatorDomains":["joysporn.sex"],"regexFilter":"\\/js\\/[a-z]j\\.js$","resourceTypes":["script"]},"id":97},
{"action":{"type":"block"},"condition":{"excludedInitiatorDomains":["steamcommunity.com"],"initiatorDomains":["com"],"regexFilter":"^https:\\/\\/stea[a-z]{1,4}o[mn][a-z]{4,7}y[a-z]?\\.com\\/","resourceTypes":["main_frame"]},"id":98},
{"action":{"type":"block"},"condition":{"domainType":"firstParty","initiatorDomains":["gu-global.com","uniqlo.com"],"regexFilter":"\\.com\\/[-_0-9a-zA-Z]{4,}\\/[-\\/_0-9a-zA-Z]{25,}$","resourceTypes":["script"]},"id":99},
{"action":{"type":"block"},"condition":{"domainType":"firstParty","initiatorDomains":["kick.com"],"isUrlFilterCaseSensitive":true,"regexFilter":"^https:\\/\\/kick\\.com\\/[0-9A-z]{16}\\/[0-9A-z]{16}\\?apiKey=","resourceTypes":["script"]},"id":100},
{"action":{"type":"block"},"condition":{"domainType":"firstParty","initiatorDomains":["mudah.my"],"regexFilter":"^https:\\/\\/mudah\\.my\\/[a-zA-Z0-9]{16}\\/[a-zA-Z0-9]{16}\\?apiKey=","resourceTypes":["script"]},"id":101},
{"action":{"type":"block"},"condition":{"domainType":"firstParty","regexFilter":"^https?:\\/\\/.*\\/sw\\.js\\?[a-zA-Z0-9%]{50,}","resourceTypes":["script"]},"id":102},
{"action":{"type":"block"},"condition":{"domainType":"firstParty","initiatorDomains":["bdsmx.tube","bigdick.tube","desiporn.tube","hclips.com","hdzog.com","hdzog.tube","hotmovs.com","inporn.com","porn555.com","shemalez.com","tubepornclassic.com","txxx.com","upornia.com","vjav.com","vxxx.com","youteenporn.net"],"regexFilter":"^https?:\\/\\/.*\\/[a-z]{4,}\\/[a-z]{4,}\\.js","resourceTypes":["script"]},"id":103},
{"action":{"type":"block"},"condition":{"domainType":"firstParty","initiatorDomains":["chat.openai.com"],"regexFilter":"^https?:\\/\\/chat\\.openai\\.com\\/ces\\/v1\\/[a-z]$","requestMethods":["post"],"resourceTypes":["xmlhttprequest"]},"id":104},
{"action":{"type":"block"},"condition":{"domainType":"firstParty","initiatorDomains":["imgadult.com","imgdrive.net","imgtaxi.com","imgwallet.com"],"regexFilter":"(?:com|net)\\/[a-z-]{3,10}\\.html$","resourceTypes":["sub_frame"]},"id":105},
{"action":{"type":"block"},"condition":{"domainType":"thirdParty","excludedResourceTypes":["image","main_frame","media","sub_frame"],"initiatorDomains":["1cloudfile.com","adblockstreamtape.art","adblockstreamtape.site","bowfile.com","clipconverter.cc","cricplay2.xyz","desiupload.co","dood.la","dood.pm","dood.so","dood.to","dood.watch","dood.ws","dopebox.to","downloadpirate.com","drivebuzz.icu","embedstream.me","eplayvid.net","fmovies.ps","fmovies.to","gdriveplayer.us","gospeljingle.com","hexupload.net","hurawatch.at","kissanimes.net","krunkercentral.com","movies2watch.tv","myflixer.pw","myflixer.today","myflixertv.to","powvideo.net","proxyer.org","scloud.online","sflix.to","skidrowcodex.net","streamtape.com","theproxy.ws","vidbam.org","vidembed.cc","vidembed.io","videobin.co","vidlii.com","vidoo.org","vipbox.lc"],"regexFilter":"^https?:\\/\\/.*\\.(club|bid|biz|xyz|site|pro|info|online|icu|monster|buzz|website|biz|re|casa|top|one|space|network|live|systems|ml|world|life|co)\\/.*"},"id":106},
{"action":{"type":"block"},"condition":{"domainType":"thirdParty","regexFilter":"^https?:\\/\\/.*(com|net|top|xyz)\\/(bundle|warning|style|bootstrap|brand|reset|jquery-ui|styles|error|logo|index|favicon|star|header)\\.(png|css)\\?[A-Za-z0-9]{30,}.*"},"id":107},
{"action":{"type":"block"},"condition":{"domainType":"thirdParty","isUrlFilterCaseSensitive":true,"regexFilter":"^https?:\\/\\/[a-z]{8,15}\\.top\\/[-a-z]{4,}\\.css\\?aHR0c[\\/0-9a-zA-Z]{33,}=?=?$","resourceTypes":["stylesheet"]},"id":108},
{"action":{"type":"block"},"condition":{"domainType":"thirdParty","isUrlFilterCaseSensitive":true,"regexFilter":"^https?:\\/\\/[a-z]{8,15}\\.xyz\\/[-a-z]{4,}\\.css\\?aHR0c[\\/0-9a-zA-Z]{33,}=?=?$","resourceTypes":["stylesheet"]},"id":109},
{"action":{"type":"block"},"condition":{"domainType":"thirdParty","isUrlFilterCaseSensitive":true,"regexFilter":"^https?:\\/\\/[a-z]{8,15}\\.top\\/[a-z]{4,}\\.png\\?aHR0c[\\/0-9a-zA-Z]{33,}=?=?$","resourceTypes":["image"]},"id":110},
{"action":{"type":"block"},"condition":{"domainType":"thirdParty","isUrlFilterCaseSensitive":true,"regexFilter":"^https?:\\/\\/[a-z]{8,15}\\.xyz\\/[a-z]{4,}\\.png\\?aHR0c[\\/0-9a-zA-Z]{33,}=?=?$","resourceTypes":["image"]},"id":111},
{"action":{"type":"block"},"condition":{"domainType":"thirdParty","isUrlFilterCaseSensitive":true,"regexFilter":"^https?:\\/\\/[a-z]{7,}\\.buzz\\/[+\\/0-9a-zA-Z]{140,}$","resourceTypes":["image"]},"id":112},
{"action":{"type":"block"},"condition":{"domainType":"thirdParty","isUrlFilterCaseSensitive":true,"regexFilter":"^https?:\\/\\/[a-z]{7,}\\.info\\/[+\\/0-9a-zA-Z]{140,}$","resourceTypes":["image"]},"id":113},
{"action":{"type":"block"},"condition":{"domainType":"thirdParty","isUrlFilterCaseSensitive":true,"regexFilter":"^https?:\\/\\/[a-z]{7,}\\.lol\\/[+\\/0-9a-zA-Z]{140,}$","resourceTypes":["image"]},"id":114},
{"action":{"type":"block"},"condition":{"domainType":"thirdParty","isUrlFilterCaseSensitive":true,"regexFilter":"^https?:\\/\\/[a-z]{7,}\\.one\\/[+\\/0-9a-zA-Z]{140,}$","resourceTypes":["image"]},"id":115},
{"action":{"type":"block"},"condition":{"domainType":"thirdParty","isUrlFilterCaseSensitive":true,"regexFilter":"^https?:\\/\\/[a-z]{7,}\\.xyz\\/[+\\/0-9a-zA-Z]{140,}$","resourceTypes":["image"]},"id":116},
{"action":{"type":"block"},"condition":{"domainType":"thirdParty","regexFilter":"^https?:\\/\\/[0-9a-z]{13,14}\\.cloudfront\\.net\\/\\?[a-z]{3,5}=\\d{6,7}$","resourceTypes":["script","xmlhttprequest"]},"id":117},
{"action":{"type":"block"},"condition":{"domainType":"thirdParty","regexFilter":"^https:\\/\\/[0-9a-f]{10}\\.[0-9a-f]{10}\\.com\\/[0-9a-f]{32}\\.js$","requestDomains":["com"],"resourceTypes":["script"]},"id":118},
{"action":{"type":"block"},"condition":{"domainType":"thirdParty","isUrlFilterCaseSensitive":true,"regexFilter":"^https?:\\/\\/[-a-z]{6,}\\.com?\\/[a-d][-\\.\\/_A-Za-z][DHWXm][-\\.\\/_A-Za-z][59FVZ][-\\.\\/_A-Za-z][6swyz][-\\.\\/_A-Za-z][-\\/_0-9a-zA-Z][-\\.\\/_A-Za-z][-\\/_0-9a-zA-Z]{22,162}$","requestDomains":["co","com"],"resourceTypes":["script","xmlhttprequest"]},"id":119},
{"action":{"type":"block"},"condition":{"domainType":"thirdParty","isUrlFilterCaseSensitive":true,"regexFilter":"^https?:\\/\\/[-a-z]{6,}\\.info\\/[a-d][-\\.\\/_A-Za-z][DHWXm][-\\.\\/_A-Za-z][59FVZ][-\\.\\/_A-Za-z][6swyz][-\\.\\/_A-Za-z][-\\/_0-9a-zA-Z][-\\.\\/_A-Za-z][-\\/_0-9a-zA-Z]{22,162}$","requestDomains":["info"],"resourceTypes":["script","xmlhttprequest"]},"id":120},
{"action":{"type":"block"},"condition":{"domainType":"thirdParty","isUrlFilterCaseSensitive":true,"regexFilter":"^https?:\\/\\/[-a-z]{6,}\\.pro\\/[a-d][-\\.\\/_A-Za-z][DHWXm][-\\.\\/_A-Za-z][59FVZ][-\\.\\/_A-Za-z][6swyz][-\\.\\/_A-Za-z][-\\/_0-9a-zA-Z][-\\.\\/_A-Za-z][-\\/_0-9a-zA-Z]{22,162}$","requestDomains":["pro"],"resourceTypes":["script","xmlhttprequest"]},"id":121},
{"action":{"type":"block"},"condition":{"domainType":"thirdParty","isUrlFilterCaseSensitive":true,"regexFilter":"^https?:\\/\\/[-a-z]{6,}\\.xyz\\/[a-d][-\\.\\/_A-Za-z][DHWXm][-\\.\\/_A-Za-z][59FVZ][-\\.\\/_A-Za-z][6swyz][-\\.\\/_A-Za-z][-\\/_0-9a-zA-Z][-\\.\\/_A-Za-z][-\\/_0-9a-zA-Z]{22,162}$","requestDomains":["xyz"],"resourceTypes":["script","xmlhttprequest"]},"id":122},
{"action":{"type":"block"},"condition":{"domainType":"thirdParty","regexFilter":"^https:\\/\\/(?:cdn77\\.)?aj[0-9a-z]{2}\\d{2}\\.online\\/[0-9a-z]{8}\\.js$","requestDomains":["online"],"resourceTypes":["script"]},"id":123},
{"action":{"type":"block"},"condition":{"domainType":"thirdParty","regexFilter":"^https:\\/\\/(?:cdn77\\.)?aj[0-9a-z]{2}\\d{2}\\.bid\\/[0-9a-z]{8}\\.js$","requestDomains":["bid"],"resourceTypes":["script"]},"id":124},
{"action":{"type":"block"},"condition":{"domainType":"thirdParty","regexFilter":"^https?:\\/\\/[a-z]{8,15}\\.[a-z]{2,3}\\/5\\/\\d{6,7}(?:\\?_=\\d+)?$","resourceTypes":["script"]},"id":125},
{"action":{"type":"block"},"condition":{"domainType":"thirdParty","regexFilter":"^https?:\\/\\/[-a-z]{8,15}\\.(?:com|net)\\/400\\/\\d{7}$","resourceTypes":["script"]},"id":126},
{"action":{"type":"block"},"condition":{"domainType":"thirdParty","regexFilter":"^https?:\\/\\/[-a-z]{8,15}\\.(?:com|net)\\/401\\/\\d{7}$","resourceTypes":["script"]},"id":127},
{"action":{"type":"block"},"condition":{"domainType":"thirdParty","regexFilter":"^https?:\\/\\/[a-z]{8,15}\\.(?:com|net)\\/tag\\.min\\.js$","resourceTypes":["script"]},"id":128},
{"action":{"type":"block"},"condition":{"domainType":"thirdParty","regexFilter":"^https?:\\/\\/[a-z]{6,12}\\.com\\/script\\/n[a-z]su\\.js$","resourceTypes":["script"]},"id":129},
{"action":{"type":"block"},"condition":{"excludedInitiatorDomains":["tiki.vn"],"initiatorDomains":["com"],"regexFilter":"^https:\\/\\/tdk[det]0[0-9]\\.com\\/","resourceTypes":["main_frame"]},"id":130},
{"action":{"type":"block"},"condition":{"domainType":"thirdParty","regexFilter":"^https:\\/\\/[a-z]{8}\\.xyz\\/main\\.js$","resourceTypes":["script"]},"id":131},
{"action":{"type":"block"},"condition":{"domainType":"thirdParty","excludedInitiatorDomains":["edu","gov"],"isUrlFilterCaseSensitive":true,"regexFilter":"^https?:\\/\\/cdn\\.[a-z]{3,8}\\.[a-z]{2,6}\\/app\\.js$","resourceTypes":["script"]},"id":132},
{"action":{"type":"block"},"condition":{"domainType":"thirdParty","isUrlFilterCaseSensitive":true,"regexFilter":"^https?:\\/\\/[a-z]{8,15}\\.club\\/[%0-9a-zA-Z]{170,}$","resourceTypes":["script"]},"id":133},
{"action":{"type":"block"},"condition":{"domainType":"thirdParty","isUrlFilterCaseSensitive":true,"regexFilter":"^https?:\\/\\/[a-z]{8,15}\\.fun\\/[%0-9a-zA-Z]{170,}$","resourceTypes":["script"]},"id":134},
{"action":{"type":"block"},"condition":{"domainType":"thirdParty","isUrlFilterCaseSensitive":true,"regexFilter":"^https?:\\/\\/[a-z]{8,15}\\.hair\\/[%0-9a-zA-Z]{170,}$","resourceTypes":["script"]},"id":135},
{"action":{"type":"block"},"condition":{"domainType":"thirdParty","regexFilter":"^https?:\\/\\/[a-z]{8,15}\\.work\\/[%0-9a-zA-Z]{170,}$","resourceTypes":["script"]},"id":136},
{"action":{"type":"block"},"condition":{"domainType":"thirdParty","regexFilter":"^https?:\\/\\/[a-z]{8,15}\\.xyz\\/[%0-9a-zA-Z]{170,}$","resourceTypes":["script"]},"id":137},
{"action":{"type":"block"},"condition":{"initiatorDomains":["com","net"],"isUrlFilterCaseSensitive":true,"regexFilter":"^https:\\/\\/[a-z]{6,19}\\.(?:com|net)\\/(?:static_)?file\\/\\?t=[_a-z0-9]+&ns=[a-z]{2}$","resourceTypes":["main_frame"]},"id":138},
{"action":{"type":"block"},"condition":{"domainType":"thirdParty","isUrlFilterCaseSensitive":true,"regexFilter":"^https:\\/\\/[a-z]{3,5}\\.[a-z]{10,14}\\.top\\/[a-z]{10,16}\\/[a-z]{5,6}(?:\\?d=\\d)?$","requestDomains":["top"],"resourceTypes":["script","xmlhttprequest"]},"id":139},
{"action":{"type":"block"},"condition":{"domainType":"thirdParty","excludedRequestDomains":["edu","gov"],"isUrlFilterCaseSensitive":true,"regexFilter":"^https:\\/\\/[a-z]+\\.[-a-z0-9]+\\.[a-z]{3,7}\\/[a-z]{2,6}\\.(?:[a-z]{1,8}\\.)?17\\d{8}\\.js\\?(?:revision|sr?c?|ve?r?)=6[a-f0-9]{7}$","resourceTypes":["script"]},"id":140},
{"action":{"type":"block"},"condition":{"domainType":"thirdParty","excludedRequestDomains":["edu","gov"],"isUrlFilterCaseSensitive":true,"regexFilter":"^https:\\/\\/[a-z]+\\.[-a-z0-9]+\\.[a-z]{3,7}\\/17\\d{8}\\/em\\.js\\?(?:revision|sr?c?|ve?r?)=6[a-f0-9]{7}$","resourceTypes":["script"]},"id":141},
{"action":{"type":"block"},"condition":{"domainType":"thirdParty","isUrlFilterCaseSensitive":true,"regexFilter":"^https:\\/\\/cdn\\.jsdelivr\\.net\\/npm\\/[-a-z_]{4,22}@latest\\/dist\\/script\\.min\\.js$","resourceTypes":["script"]},"id":142},
{"action":{"type":"block"},"condition":{"domainType":"thirdParty","regexFilter":"^https:\\/\\/[a-z]{2}\\.[a-z]{7,14}\\.com\\/r[0-9A-Za-z]{10,16}\\/[A-Za-z]{5}$","resourceTypes":["script"]},"id":143},
{"action":{"type":"block"},"condition":{"domainType":"thirdParty","regexFilter":"(https?:\\/\\/)\\w{30,}\\.me\\/\\w{30,}\\.","resourceTypes":["script"]},"id":144},
{"action":{"type":"block"},"condition":{"domainType":"thirdParty","excludedInitiatorDomains":["amazon.com"],"regexFilter":"^https?:\\/\\/s3\\.*.*\\.amazonaws\\.com\\/[a-f0-9]{45,}\\/[a-f,0-9]{8,10}$","resourceTypes":["script","xmlhttprequest"]},"id":145},
{"action":{"type":"block"},"condition":{"excludedInitiatorDomains":["lazada.vn"],"initiatorDomains":["com"],"regexFilter":"^https:\\/\\/da\\d{4}\\.com\\/","resourceTypes":["main_frame"]},"id":146},
{"action":{"type":"block"},"condition":{"domainType":"thirdParty","regexFilter":"\\/[0-9a-f]{32}\\/invoke\\.js","resourceTypes":["script"]},"id":147},
{"action":{"type":"block"},"condition":{"domainType":"thirdParty","initiatorDomains":["deltabit.co","nzbstars.com","papahd.club","vostfree.online"],"regexFilter":"^https?:\\/\\/www\\..*.com\\/[a-z]{1,}\\.js$","resourceTypes":["script"]},"id":148},
{"action":{"type":"block"},"condition":{"domainType":"thirdParty","excludedInitiatorDomains":["127.0.0.1","bitrix24.life","ccc.ac","jacksonchen666.com","lemmy.world","localhost","scribble.ninja","scribble.website","traineast.co.uk"],"regexFilter":"^https?:\\/\\/[0-9a-z]{5,}\\.(digital|website|life|guru|uno|cfd)\\/[a-z0-9]{6,}\\/","resourceTypes":["script","xmlhttprequest"]},"id":149},
{"action":{"type":"block"},"condition":{"domainType":"thirdParty","regexFilter":"^https?:\\/\\/cdn\\.[0-9a-z]{3,6}\\.xyz\\/[a-z0-9]{8,}\\.js$","resourceTypes":["script"]},"id":150},
{"action":{"type":"block"},"condition":{"domainType":"thirdParty","initiatorDomains":["dood.la","dood.pm","dood.sh","dood.so","dood.to","dood.watch","dood.ws"],"regexFilter":"^https?:\\/\\/www\\.[0-9a-z]{8,}\\.com\\/[0-9a-z]{1,4}\\.js$","resourceTypes":["script"]},"id":151},
{"action":{"type":"block"},"condition":{"domainType":"thirdParty","regexFilter":"^https?:\\/\\/[0-9a-f]{50,}\\.s3\\.amazonaws\\.com\\/[0-9a-f]{10}$","resourceTypes":["xmlhttprequest"]},"id":152},
{"action":{"type":"block"},"condition":{"domainType":"thirdParty","regexFilter":"^https?:\\/\\/s3\\.us-east-1\\.amazonaws\\.com\\/[0-9a-f]{50,}\\/[0-9a-f]{10}$","resourceTypes":["xmlhttprequest"]},"id":153},
{"action":{"type":"block"},"condition":{"domainType":"thirdParty","regexFilter":"^https:\\/\\/(?:cdn77\\.)?aj\\d{4}\\.bid\\/[-_0-9A-Za-z]{80,}\\?","requestDomains":["bid"],"resourceTypes":["xmlhttprequest"]},"id":154},
{"action":{"type":"block"},"condition":{"domainType":"thirdParty","regexFilter":"^https?:\\/\\/[a-z]{8,15}\\.[a-z]{3}\\/5\\/\\d{7}\\/\\?","resourceTypes":["xmlhttprequest"]},"id":155},
{"action":{"type":"block"},"condition":{"domainType":"thirdParty","regexFilter":"^https?:\\/\\/[-a-z]{8,15}\\.(?:com|net)\\/500\\/\\d{7}\\?","resourceTypes":["xmlhttprequest"]},"id":156},
{"action":{"type":"block"},"condition":{"domainType":"thirdParty","initiatorDomains":["1link.club","2embed.to","apiyoutube.cc","bestmp3converter.com","clicknupload.red","clicknupload.to","daddyhd.com","dood.wf","lulustream.com","mp4upload.com","poscitech.com","sportcast.life","streamhub.to","streamvid.net","tvshows88.live","uploadbank.com","uqload.io","worldstreams.click"],"regexFilter":"^https?:\\/\\/[0-9a-z]{8,}\\.xyz\\/.*","resourceTypes":["xmlhttprequest"]},"id":157},
{"action":{"type":"block"},"condition":{"domainType":"thirdParty","isUrlFilterCaseSensitive":true,"regexFilter":"^https?:\\/\\/[a-z]{8,15}\\.top(\\/(?:\\d{1,5}|0NaN|articles?|browse|index|movie|news|pages?|static|view|web|wiki)){1,4}(?:\\.html|\\/)$","resourceTypes":["sub_frame"]},"id":158},
{"action":{"type":"block"},"condition":{"domainType":"thirdParty","isUrlFilterCaseSensitive":true,"regexFilter":"^https?:\\/\\/[a-z]{8,15}\\.xyz(\\/(?:\\d{1,5}|0NaN|articles?|browse|index|movie|news|pages?|static|view|web|wiki)){1,4}(?:\\.html|\\/)$","resourceTypes":["sub_frame"]},"id":159},
{"action":{"type":"block"},"condition":{"domainType":"thirdParty","regexFilter":"^https:\\/\\/(?:cdn77\\.)?aj[0-9a-z]{2}\\d{2}\\.online\\/[-_0-9A-Za-z]{70,}$","requestDomains":["online"],"resourceTypes":["sub_frame"]},"id":160},
{"action":{"type":"block"},"condition":{"domainType":"thirdParty","regexFilter":"^https?:\\/\\/[-0-9a-z]{5,}\\.com\\/[0-9a-z]{8,10}\\?key=[0-9a-f]{32}$","resourceTypes":["sub_frame"]},"id":161},
{"action":{"type":"block"},"condition":{"domainType":"thirdParty","isUrlFilterCaseSensitive":true,"regexFilter":"^https?:\\/\\/[a-z]{7,}\\.buzz\\/[+\\/0-9a-zA-Z]{400,}$","resourceTypes":["sub_frame"]},"id":162},
{"action":{"type":"block"},"condition":{"domainType":"thirdParty","isUrlFilterCaseSensitive":true,"regexFilter":"^https?:\\/\\/[a-z]{7,}\\.info\\/[+\\/0-9a-zA-Z]{400,}$","resourceTypes":["sub_frame"]},"id":163},
{"action":{"type":"block"},"condition":{"domainType":"thirdParty","isUrlFilterCaseSensitive":true,"regexFilter":"^https?:\\/\\/[a-z]{7,}\\.lol\\/[+\\/0-9a-zA-Z]{400,}$","resourceTypes":["sub_frame"]},"id":164},
{"action":{"type":"block"},"condition":{"domainType":"thirdParty","isUrlFilterCaseSensitive":true,"regexFilter":"^https?:\\/\\/[a-z]{7,}\\.one\\/[+\\/0-9a-zA-Z]{400,}$","resourceTypes":["sub_frame"]},"id":165},
{"action":{"type":"block"},"condition":{"domainType":"thirdParty","isUrlFilterCaseSensitive":true,"regexFilter":"^https?:\\/\\/[a-z]{7,}\\.xyz\\/[+\\/0-9a-zA-Z]{400,}$","resourceTypes":["sub_frame"]},"id":166},
{"action":{"type":"allow"},"condition":{"initiatorDomains":["puzzle-aquarium.com","puzzle-battleships.com","puzzle-binairo.com","puzzle-bridges.com","puzzle-chess.com","puzzle-dominosa.com","puzzle-futoshiki.com","puzzle-galaxies.com","puzzle-heyawake.com","puzzle-hitori.com","puzzle-jigsaw-sudoku.com","puzzle-kakurasu.com","puzzle-kakuro.com","puzzle-killer-sudoku.com","puzzle-light-up.com","puzzle-lits.com","puzzle-loop.com","puzzle-masyu.com","puzzle-minesweeper.com","puzzle-nonograms.com","puzzle-norinori.com","puzzle-nurikabe.com","puzzle-pipes.com","puzzle-shakashaka.com","puzzle-shikaku.com","puzzle-shingoki.com","puzzle-skyscrapers.com","puzzle-slant.com","puzzle-star-battle.com","puzzle-stitches.com","puzzle-sudoku.com","puzzle-tapa.com","puzzle-tents.com","puzzle-thermometers.com","puzzle-words.com"],"regexFilter":"^https:\\/\\/www\\.puzzle-[a-z]+\\.com\\/","resourceTypes":["script"]},"id":167},
{"action":{"type":"block"},"condition":{"domainType":"thirdParty","initiatorDomains":["123movies.tw","1cloudfile.com","745mingiestblissfully.com","9xupload.asia","adblockeronstape.me","adblockeronstreamtape.me","adblockeronstrtape.xyz","adblockplustape.xyz","adblockstreamtape.art","adblockstreamtape.fr","adblockstreamtape.site","adblocktape.online","adblocktape.store","adblocktape.wiki","anonymz.com","antiadtape.com","audaciousdefaulthouse.com","bowfile.com","clickndownload.click","clicknupload.to","cloudvideo.tv","cr7sports.us","d000d.com","daddylivehd.sx","dailyuploads.net","databasegdriveplayer.xyz","deltabit.co","dlhd.sx","dood.la","dood.li","dood.pm","dood.re","dood.sh","dood.so","dood.to","dood.watch","dood.wf","dood.ws","dood.yt","doods.pro","dooood.com","dramacool.sr","drivebuzz.icu","ds2play.com","embedplayer.site","embedsb.com","embedsito.com","embedstream.me","engvideo.net","enjoy4k.xyz","eplayvid.net","evoload.io","fembed-hd.com","filemoon.sx","files.im","filmy4wap.ink","flexy.stream","fmovies.ps","gamovideo.com","gaybeeg.info","gdriveplayer.pro","gettapeads.com","givemenbastreams.com","gogoanimes.org","gogohd.net","goload.io","gomo.to","greaseball6eventual20.com","hdtoday.ru","hexload.com","hexupload.net","hurawatch.at","imgtraffic.com","kesini.in","kickassanime.mx","kickasstorrents.to","linkhub.icu","lookmyimg.com","mangareader.cc","mangareader.to","mangovideo.pw","maxsport.one","membed.net","meomeo.pw","mirrorace.org","mixdroop.co","mixdrop.ag","mixdrop.bz","mixdrop.click","mixdrop.club","mixdrop.ms","mixdrop.nu","mixdrop.ps","mixdrop.si","mixdrop.sx","mixdrop.to","mixdrops.xyz","mixdrp.co","movies2watch.tv","mp4upload.com","nelion.me","noblocktape.com","nsw2u.org","onlinevideoconverter.com","ovagames.com","pahaplayers.click","papahd.club","pcgamestorrents.com","pouvideo.cc","proxyer.org","putlocker-website.com","reputationsheriffkennethsand.com","rintor.space","rojadirecta1.site","scloud.online","send.cm","sflix.to","shavetape.cash","skidrowcodex.net","smallencode.me","soccerstreamslive.co","sportshighlights.club","stapadblockuser.art","stapadblockuser.click","stapadblockuser.info","stapadblockuser.xyz","stape.fun","stapewithadblock.beauty","stapewithadblock.monster","stapewithadblock.xyz","strcloud.in","streamadblocker.cc","streamadblocker.com","streamadblocker.store","streamadblocker.xyz","streamingsite.net","streamlare.com","streamnoads.com","streamta.pe","streamta.site","streamtape.com","streamtape.to","streamtape.xyz","streamtapeadblock.art","streamtapeadblockuser.art","streamtapeadblockuser.homes","streamtapeadblockuser.monster","streamtapeadblockuser.xyz","strikeout.ws","strtape.cloud","strtape.tech","strtapeadblock.club","strtapeadblocker.xyz","strtapewithadblock.art","strtapewithadblock.xyz","supervideo.tv","tapeadsenjoyer.com","tapeantiads.com","tapeblocker.com","tapenoads.com","tapewithadblock.com","tapewithadblock.org","thepiratebay0.org","thepiratebay10.xyz","theproxy.ws","thevideome.com","toxitabellaeatrebates306.com","un-block-voe.net","upbam.org","upload-4ever.com","upload.do","uproxy.to","upstream.to","uqload.co","uqload.io","userscloud.com","v-o-e-unblock.com","vidbam.org","vido.lol","vidshar.org","vidsrc.me","vidsrc.stream","vipleague.im","vipleague.st","voe-unblock.net","voe.bar","voe.sx","vudeo.io","vudeo.net","vumoo.to","yesmovies.mn","youtube4kdownloader.com"],"regexFilter":"^https?:\\/\\/[0-9a-z]{5,}\\.com\\/.*","resourceTypes":["script","xmlhttprequest"]},"id":168},
{"action":{"type":"block"},"condition":{"excludedInitiatorDomains":["tiki.vn"],"initiatorDomains":["top"],"regexFilter":"^https:\\/\\/zla\\d{3}\\.top\\/","resourceTypes":["main_frame"]},"id":169},
{"action":{"type":"block"},"condition":{"excludedInitiatorDomains":["shopee.vn"],"initiatorDomains":["com"],"regexFilter":"^https:\\/\\/sp\\d{4,5}p\\.com\\/","resourceTypes":["main_frame"]},"id":170},
{"action":{"type":"allow"},"condition":{"domainType":"firstParty","isUrlFilterCaseSensitive":true,"regexFilter":"^https:\\/\\/coomer\\.su\\/api\\/v1\\/(?:fansly|onlyfans)\\/user\\/[-.0-9A-Z_a-z]+\\/post\\/[-0-9A-Za-z]+(?:\\/flag)?$","requestMethods":["post"],"resourceTypes":["xmlhttprequest"]},"id":173},
{"action":{"type":"allow"},"condition":{"domainType":"firstParty","isUrlFilterCaseSensitive":true,"regexFilter":"^https:\\/\\/coomer\\.su\\/api\\/v1\\/favorites\\/creator\\/(?:fansly|onlyfans)\\/[-.0-9A-Z_a-z]+$","requestMethods":["post"],"resourceTypes":["xmlhttprequest"]},"id":174},
{"action":{"type":"allow"},"condition":{"domainType":"firstParty","isUrlFilterCaseSensitive":true,"regexFilter":"^https:\\/\\/coomer\\.su\\/api\\/v1\\/favorites\\/post\\/(?:fansly|onlyfans)\\/[-.0-9A-Z_a-z]+\\/\\d+$","requestMethods":["post"],"resourceTypes":["xmlhttprequest"]},"id":175},
{"action":{"type":"allow"},"condition":{"domainType":"firstParty","isUrlFilterCaseSensitive":true,"regexFilter":"^https:\\/\\/kemono\\.su\\/api\\/v1\\/(?:afdian|boosty|discord|dlsite|fan(?:box|tia)|gumroad|onlyfans|patreon|subscribestar)\\/user\\/[-.0-9A-Z_a-z]+\\/post\\/[-0-9A-Za-z]+(?:\\/flag)?$","requestMethods":["post"],"resourceTypes":["xmlhttprequest"]},"id":176},
{"action":{"type":"allow"},"condition":{"domainType":"firstParty","isUrlFilterCaseSensitive":true,"regexFilter":"^https:\\/\\/kemono\\.su\\/api\\/v1\\/favorites\\/creator\\/(?:afdian|boosty|discord|dlsite|fan(?:box|tia)|gumroad|onlyfans|patreon|subscribestar)\\/[-.0-9A-Z_a-z]+$","requestMethods":["post"],"resourceTypes":["xmlhttprequest"]},"id":177},
{"action":{"type":"allow"},"condition":{"domainType":"firstParty","isUrlFilterCaseSensitive":true,"regexFilter":"^https:\\/\\/kemono\\.su\\/api\\/v1\\/favorites\\/post\\/(?:afdian|boosty|discord|dlsite|fan(?:box|tia)|gumroad|onlyfans|patreon|subscribestar)\\/[-.0-9A-Z_a-z]+\\/[0-9A-Za-z]+$","requestMethods":["post"],"resourceTypes":["xmlhttprequest"]},"id":178}
]
