[
{
 "action": {
  "type": "block"
 },
 "condition": {
  "domainType": "thirdParty",
  "initiatorDomains": [
   "6days.walla.co.il",
   "animals.walla.co.il",
   "astrology.walla.co.il",
   "b.walla.co.il",
   "buzzit.walla.co.il",
   "calendar.walla.co.il",
   "cars.walla.co.il",
   "celebs.walla.co.il",
   "e.walla.co.il",
   "elections.walla.co.il",
   "euro.walla.co.il",
   "fashion.walla.co.il",
   "finance.walla.co.il",
   "food.walla.co.il",
   "forums.walla.co.il",
   "fun.walla.co.il",
   "healthy.walla.co.il",
   "home.walla.co.il",
   "judaism.walla.co.il",
   "kids.walla.co.il",
   "mag.walla.co.il",
   "maps.walla.co.il",
   "milon.walla.co.il",
   "movies.walla.co.il",
   "mundial.walla.co.il",
   "nadlan.walla.co.il",
   "news.walla.co.il",
   "nick.walla.co.il",
   "olympics.walla.co.il",
   "search.walla.co.il",
   "sports.walla.co.il",
   "tags.walla.co.il",
   "tech.walla.co.il",
   "translate.walla.co.il",
   "travel.walla.co.il",
   "tv-guide.walla.co.il",
   "tv.walla.co.il",
   "usaelections.walla.co.il",
   "viva.walla.co.il",
   "vod.walla.co.il",
   "weather.walla.co.il",
   "www.walla.co.il"
  ],
  "regexFilter": "^[a-zA-Z0-9\\-]+\\:\\/+[0-9\\.]+([\\/\\:]|$)",
  "resourceTypes": [
   "image",
   "media",
   "script",
   "stylesheet",
   "sub_frame"
  ]
 },
 "id": 1
},
{
 "action": {
  "type": "block"
 },
 "condition": {
  "domainType": "thirdParty",
  "regexFilter": "(\\/|\\.)[a-fA-F0-9]{32}\\.com\\.?([\\/\\:]|$)",
  "resourceTypes": [
   "media",
   "script",
   "sub_frame",
   "xmlhttprequest"
  ]
 },
 "id": 2
},
{
 "action": {
  "type": "allow"
 },
 "condition": {
  "initiatorDomains": [
   "13news.co.il",
   "13tv.co.il"
  ],
  "regexFilter": "^https?:\\/+(www\\.)?google\\.(com?\\.)?[a-zA-Z0-9]{2,22}\\.?\\/ads\\/ga-audiences\\?",
  "resourceTypes": [
   "image"
  ]
 },
 "id": 3
},
{
 "action": {
  "type": "allow"
 },
 "condition": {
  "initiatorDomains": [
   "13news.co.il",
   "13tv.co.il",
   "hamal.co.il",
   "sheee.co.il",
   "walla.co.il",
   "ynet.co.il"
  ],
  "regexFilter": "^https?:\\/+adservice\\.google\\.(com?\\.)?[a-zA-Z0-9]{2,22}\\.?\\/adsid\\/integrator.js\\?",
  "resourceTypes": [
   "script"
  ]
 },
 "id": 4
}
]
