[
{"action":{"type":"block"},"condition":{"initiatorDomains":["proengineer.internous.co.jp"],"regexFilter":"\\/bnr_side_(kiso3|octopass)\\.jpg"},"id":1},
{"action":{"type":"block"},"condition":{"initiatorDomains":["cn","com","net","top"],"regexFilter":"\\/t_([0-9A-Za-z]{32})\\?token=\\1","resourceTypes":["main_frame"]},"id":2},
{"action":{"type":"block"},"condition":{"initiatorDomains":["com"],"isUrlFilterCaseSensitive":true,"regexFilter":"\\.com\\/index\\.php\\?t=[0-9a-f]{64}$","resourceTypes":["main_frame"]},"id":3},
{"action":{"type":"block"},"condition":{"isUrlFilterCaseSensitive":true,"regexFilter":"\\.com\\/(?:[a-z]{2,}-)+p-\\d{4,6}\\.html\\?(?:page_source|prevRef|re[fl])=","resourceTypes":["main_frame"]},"id":4},
{"action":{"type":"block"},"condition":{"regexFilter":"\\.(?:cn|icu|top|pro)\\/Personal\\/member\\/Login\\/index\\.php\\?oneTimeAccessID=","resourceTypes":["main_frame"]},"id":5},
{"action":{"type":"block"},"condition":{"initiatorDomains":["online","top"],"regexFilter":"^https?:\\/\\/([-0-9a-z]{3,}\\.)?[a-z]{8,}\\.[a-z]{3,6}\\/product\\/\\d{6,}(\\.html)?$","resourceTypes":["main_frame"]},"id":6},
{"action":{"type":"block"},"condition":{"initiatorDomains":["duckdns.org"],"regexFilter":"^https?:\\/\\/[0-9a-z]{5,10}\\.duckdns","resourceTypes":["main_frame"]},"id":7},
{"action":{"type":"block"},"condition":{"domainType":"firstParty","initiatorDomains":["hime.me","konyoku.net","toukou.tv","tuma.jp"],"regexFilter":"\\/pc(?:max)?728(?:200)?[a-z]?\\.png$","resourceTypes":["image"]},"id":8},
{"action":{"type":"block"},"condition":{"domainType":"firstParty","initiatorDomains":["jmd.co.jp"],"regexFilter":"\\/bv\\.php\\?no=2(?:6[79]|7[37]|9[12])$","resourceTypes":["image"]},"id":9},
{"action":{"type":"block"},"condition":{"domainType":"firstParty","initiatorDomains":["englishhub.jp"],"regexFilter":"\\/uploads\\/\\d{4}\\/\\d{2}\\/[0-9a-z]{6,}_[_A-Za-z]{0,15}ba?nn?e?r[_0-9a-z]{0,15}\\.?\\.(?:jp|pn)g$","resourceTypes":["image"]},"id":10},
{"action":{"type":"block"},"condition":{"domainType":"firstParty","initiatorDomains":["www.ne.jp"],"regexFilter":"\\/shinbun\\/[0-9a-z]{3,12}200(280)?\\.(?:jpg|png)$","resourceTypes":["image"]},"id":11},
{"action":{"type":"block"},"condition":{"domainType":"firstParty","initiatorDomains":["kbbs.jp"],"regexFilter":"\\/Newcoronavirus_upld_(?:[12]\\d|5|6\\d?|7[1-4]?|8)\\.","resourceTypes":["image"]},"id":12},
{"action":{"type":"block"},"condition":{"domainType":"firstParty","initiatorDomains":["khp.jp"],"regexFilter":"\\/Nonwovenmask_upld_(?:[124]\\d|6|7|8|9)\\.","resourceTypes":["image"]},"id":13},
{"action":{"type":"block"},"condition":{"domainType":"firstParty","initiatorDomains":["goonews.jp"],"regexFilter":"\\/right\\/(?:[a-z]+([a-z_]+\\d{2})?|[0-9a-z_-]*(?:bnr|banner)[0-9a-z-_]*)\\.(?:gif|jpg|png)$","resourceTypes":["image"]},"id":14},
{"action":{"type":"block"},"condition":{"domainType":"firstParty","initiatorDomains":["logistics.jp"],"isUrlFilterCaseSensitive":true,"regexFilter":"dcms_media\\/image\\/(?:bownow|[%_0-9A-Z]{30,})\\.(?:png|jpg)$","resourceTypes":["image"]},"id":15},
{"action":{"type":"block"},"condition":{"domainType":"firstParty","initiatorDomains":["anime365.net"],"regexFilter":"\\/js\\/(?:anime|comic|doujin|game)Ranking","resourceTypes":["xmlhttprequest"]},"id":16},
{"action":{"type":"block"},"condition":{"domainType":"firstParty","initiatorDomains":["2jigiri.net","pig109.net"],"regexFilter":"\\.net\\/[-a-z]{2,6}0\\d{2}\\.html$","resourceTypes":["sub_frame"]},"id":17}
]
