[
{"action":{"type":"block"},"condition":{"isUrlFilterCaseSensitive":true,"regexFilter":"^https?:\\/\\/[a-z0-9-\\.]*[a-z0-9-]+\\.[a-z]+\\/bannerManager\\/"},"id":1},
{"action":{"type":"block"},"condition":{"regexFilter":"^https?:\\/\\/[a-z0-9-\\.]*[a-z0-9-]+\\.[a-z]+\\/bannerpop\\/uploads\\/"},"id":2},
{"action":{"type":"block"},"condition":{"regexFilter":"^https?:\\/\\/[a-z0-9-\\.]*[a-z0-9-]+\\.[a-z]+\\/adManager\\/(css|js)\\/[A-z]+\\.(css|js)$"},"id":3},
{"action":{"type":"block"},"condition":{"regexFilter":"^https?:\\/\\/[a-z0-9-\\.]*[a-z0-9-]+\\.[a-z]+\\/RealMedia\\/ads\\/"},"id":4},
{"action":{"type":"block"},"condition":{"initiatorDomains":["news.tvchosun.com"],"regexFilter":"^https?:\\/\\/img\\.tvchosun\\.com\\/upload_img\\/rnbImg\\/[0-9]+\\."},"id":5},
{"action":{"type":"block"},"condition":{"initiatorDomains":["game.naver.com"],"regexFilter":"^https:\\/\\/nng-phinf\\.pstatic\\.net\\/.+\\/.+_naverads\\."},"id":6},
{"action":{"type":"block"},"condition":{"initiatorDomains":["chzzk.naver.com"],"regexFilter":"^https:\\/\\/nng-phinf\\.pstatic\\.net\\/[A-z]+\\/[A-z0-9._-]+\\/Banner_[A-z0-9_-]+\\.[A-z]+$"},"id":7},
{"action":{"type":"block"},"condition":{"initiatorDomains":["etoland.co.kr"],"regexFilter":"^https:\\/\\/www\\.etoland\\.co\\.kr\\/img\\/nasmedia\\/[0-9]+x[0-9]+_+"},"id":8},
{"action":{"type":"block"},"condition":{"initiatorDomains":["sedaily.com"],"regexFilter":"^https:\\/\\/img\\.sedaily\\.com\\/\\/?Html\\/Banner\\/"},"id":9},
{"action":{"type":"block"},"condition":{"initiatorDomains":["busan.com"],"regexFilter":"^https?:\\/\\/www\\.busan\\.com\\/nas\\/wcms\\/public\\/pc\\/images\\/new\\/[0-9]+[a-z]+([0-9]?|[a-z]+_[a-z]+_[a-z]+)\\."},"id":10},
{"action":{"type":"block"},"condition":{"initiatorDomains":["m.humoruniv.com"],"regexFilter":"^https?:\\/\\/timg\\.humoruniv\\.com\\/thumb_crop_resize\\.php\\?url=https?:\\/\\/[A-z0-9\\.]+\\/.+\\?SIZE=[0-9]+(x|X)[0-9]+\\?OPT=center"},"id":11},
{"action":{"type":"block"},"condition":{"initiatorDomains":["databasefootball.com"],"regexFilter":"^https:\\/\\/[a-z0-9_]+\\.dishcrop\\.care\\/"},"id":12},
{"action":{"type":"block"},"condition":{"initiatorDomains":["5l.co.kr"],"regexFilter":"^https?:\\/\\/5l\\.co\\.kr\\/img\\/[0-9A-z]+_[0-9]+X[0-9]+\\."},"id":13},
{"action":{"type":"block"},"condition":{"initiatorDomains":["adsenseforum.co.kr","adsenseforum2.co.kr"],"isUrlFilterCaseSensitive":true,"regexFilter":"^https?:\\/\\/adsenseforum[0-9]*\\.co\\.kr\\/data\\/editor\\/"},"id":14},
{"action":{"type":"block"},"condition":{"initiatorDomains":["atlantak.com"],"regexFilter":"^https:\\/\\/i0\\.wp\\.com\\/atlantak\\.com\\/wp-content\\/uploads\\/[0-9]+\\/[0-9]+\\/[0-9A-z%]+\\.[a-z]+\\?fit=[A-Z%,0-9]+&ssl=1$"},"id":15},
{"action":{"type":"block"},"condition":{"initiatorDomains":["te31.com"],"regexFilter":"^https:\\/\\/te31\\.com\\/m\\/[a-z]+[0-9]*\\.jpg"},"id":16},
{"action":{"type":"block"},"condition":{"initiatorDomains":["soxak.com"],"regexFilter":"^https:\\/\\/soxak\\.com\\/images\\/([a-z]+_)?banner(_[a-z_]+)?\\."},"id":17},
{"action":{"type":"block"},"condition":{"initiatorDomains":["watchfreejavonline.co"],"regexFilter":"^https:\\/\\/i0\\.wp\\.com\\/watchfreejavonline\\.co\\/wp-content\\/uploads\\/[0-9]+\\/[0-9]+\\/cropped-favicon-watchfreejav\\.png"},"id":18},
{"action":{"type":"block"},"condition":{"initiatorDomains":["busan.com"],"regexFilter":"^https:\\/\\/www\\.busan\\.com\\/nas\\/wcms\\/public\\/pc\\/images\\/new\\/[0-9]+[a-z]+\\.gif"},"id":19},
{"action":{"type":"block"},"condition":{"initiatorDomains":["itwind.co.kr"],"regexFilter":"^https:\\/\\/blogger\\.googleusercontent\\.com\\/img\\/a\\/[A-z0-9_-]+=s[0-9]+$"},"id":20},
{"action":{"type":"block"},"condition":{"initiatorDomains":["fomos.kr"],"regexFilter":"^https?:\\/\\/[a-z0-9]+\\.soonwe\\.com\\/[A-z0-9-]+\\/ad_[0-9]+_[0-9]+\\.js"},"id":21},
{"action":{"type":"block"},"condition":{"initiatorDomains":["fomos.kr"],"regexFilter":"^https?:\\/\\/[a-z0-9]+\\.soonwe\\.com\\/[A-z0-9-]+\\/wt_[0-9]+_[0-9]+\\.html"},"id":22},
{"action":{"type":"block"},"condition":{"initiatorDomains":["wemakeprice.com"],"isUrlFilterCaseSensitive":true,"regexFilter":"^https?:\\/\\/view[0-9]+\\.wemep\\.co\\.kr\\/wmp-banner\\/[0-9]{2}\\/[0-9]{6}\\/[0-9]{2}\\/"},"id":23},
{"action":{"type":"block"},"condition":{"initiatorDomains":["wemakeprice.com"],"isUrlFilterCaseSensitive":true,"regexFilter":"^https?:\\/\\/view[0-9]+\\.wemep\\.co\\.kr\\/wmp-main\\/[0-9]{2}\\/[0-9]{6}\\/[0-9]{2}\\/(pmt|pmb)_[a-z0-9]{12}\\."},"id":24},
{"action":{"type":"block"},"condition":{"initiatorDomains":["joongna.com"],"regexFilter":"^https:\\/\\/img[0-9]+\\.joongna\\.com\\/media\\/original\\/[0-9]{4}\\/[0-9]{2}\\/[0-9]{2}\\/[0-9]{13}\\."},"id":25},
{"action":{"type":"block"},"condition":{"initiatorDomains":["haninpost.com"],"regexFilter":"^https:\\/\\/haninpost\\.com\\/wp-content\\/uploads\\/[0-9]{4}\\/[0-9]{2}\\/.*(webbanner-|%EA%B4%91%EA%B3%A0|.{1}banner.{1}[0-9]+x[0-9]+)"},"id":26},
{"action":{"type":"block"},"condition":{"initiatorDomains":["haninpost.com"],"isUrlFilterCaseSensitive":true,"regexFilter":"^https:\\/\\/haninpost\\.com\\/wp-content\\/uploads\\/[0-9]{4}\\/[0-9]{2}\\/[A-Z0-9_]+\\."},"id":27},
{"action":{"type":"block"},"condition":{"initiatorDomains":["boribori.co.kr"],"regexFilter":"^https:\\/\\/cdn[0-9]+\\.boribori\\.co\\.kr\\/rimg\\/(0|110x250)\\/cdn\\/contents\\/disp_corner_conts\\/"},"id":28},
{"action":{"type":"block"},"condition":{"initiatorDomains":["evape.kr"],"regexFilter":"^https:\\/\\/evape\\.kr\\/data\\/editor\\/[0-9]+\\/[a-z0-9]+_[a-z0-9]+_[a-z0-9]+\\."},"id":29},
{"action":{"type":"block"},"condition":{"initiatorDomains":["evape.kr"],"regexFilter":"^https:\\/\\/evape\\.kr\\/data\\/file[0-9]+\\/client\\/"},"id":30},
{"action":{"type":"block"},"condition":{"initiatorDomains":["orbi.kr"],"regexFilter":"^https:\\/\\/[a-z0-9-]+\\.orbi\\.kr\\/[0-9]+\\/[a-z0-9]+\\."},"id":31},
{"action":{"type":"block"},"condition":{"initiatorDomains":["eleccar.co.kr"],"regexFilter":"^https?:\\/\\/(www\\.)?eleccar\\.co\\.kr\\/Files\\/[0-9]+\\/Template\\/[0-9]+\\/[0-9]+_[0-9]+\\."},"id":32},
{"action":{"type":"block"},"condition":{"initiatorDomains":["kpenews.com"],"regexFilter":"^https?:\\/\\/kpenews\\.com\\/images\\/main\\/[a-z]+_[0-9]+\\."},"id":33},
{"action":{"type":"block"},"condition":{"initiatorDomains":["kpenews.com"],"regexFilter":"^https?:\\/\\/kpenews\\.com\\/Files\\/[0-9]\\/Template\\/[0-9]+\\/[0-9]+_[0-9]+\\."},"id":34},
{"action":{"type":"block"},"condition":{"initiatorDomains":["g-enews.com"],"regexFilter":"^https:\\/\\/nimage\\.g-enews\\.com\\/phpwas\\/restmb_allidxmake\\.php\\?idx=999&simg=[a-f0-9]+_0\\."},"id":35},
{"action":{"type":"block"},"condition":{"initiatorDomains":["haninvegas.com"],"regexFilter":"^https:\\/\\/haninvegas\\.com\\/wp-content\\/uploads\\/[0-9]+\\/[0-9]+\\/[%A-Z0-9-]+-[0-9]+x[0-9]+"},"id":36},
{"action":{"type":"block"},"condition":{"initiatorDomains":["donga.com"],"regexFilter":"^https:\\/\\/dbr\\.donga\\.com\\/upload_dir\\/source\\/.+\\([0-9]+x[0-9]+\\)\\."},"id":37},
{"action":{"type":"block"},"condition":{"initiatorDomains":["chosun.com"],"regexFilter":"^https:\\/\\/health\\.chosun\\.com\\/images\\/[0-9]+x[0-9]+"},"id":38},
{"action":{"type":"block"},"condition":{"initiatorDomains":["koreatimes.net"],"regexFilter":"https:\\/\\/(www\\.)?koreatimes\\.net\\/images\\/attach\\/[A-Z0-9]+-[0-9]+\\/"},"id":39},
{"action":{"type":"block"},"condition":{"initiatorDomains":["koreatimes.net"],"regexFilter":"^https:\\/\\/(www\\.)?koreatimes\\.net\\/images\\/attach\\/[a-z]+[0-9]+\\/"},"id":40},
{"action":{"type":"block"},"condition":{"initiatorDomains":["wowtale.net"],"regexFilter":"https:\\/\\/[a-z0-9]+\\.wp\\.com\\/wowtale\\.net\\/wp-content\\/uploads\\/[0-9]{4}\\/[0-9]{2}\\/wowtale\\.net-.+[0-9]{2,}(x|-)[0-9]{2,}\\."},"id":41},
{"action":{"type":"block"},"condition":{"initiatorDomains":["defensetimes.kr"],"regexFilter":"^https?:\\/\\/(www\\.)?defensetimes\\.kr\\/imgs\\/[A-z_]+[0-9]+x[0-9]+\\."},"id":42},
{"action":{"type":"block"},"condition":{"initiatorDomains":["thesingle.co.kr"],"regexFilter":"^https:\\/\\/tbc\\.imgdl\\.xcache\\.kinxcdn\\.com\\/cdn[0-9]{3}\\/[0-9]{8}\\/[0-9%A-z_]+\\([0-9]{3,4}x[0-9]{3,4}\\)"},"id":43},
{"action":{"type":"block"},"condition":{"initiatorDomains":["tf.co.kr"],"regexFilter":"^https?:\\/\\/img\\.tf\\.co\\.kr\\/ss\\/[0-9]{4}\\/fns\\/ads_"},"id":44},
{"action":{"type":"block"},"condition":{"initiatorDomains":["coolenjoy.net"],"regexFilter":"^https:\\/\\/coolenjoy\\.net\\/data\\/editor\\/[0-9]{4}\\/[0-9]{14}_[a-z]{8}\\."},"id":45},
{"action":{"type":"block"},"condition":{"initiatorDomains":["ombudsmannews.com"],"regexFilter":"^https?:\\/\\/www\\.ombudsmannews\\.com\\/default\\/image\\/[a-z]+\\.gif"},"id":46},
{"action":{"type":"block"},"condition":{"initiatorDomains":["0db.co.kr"],"regexFilter":"^https:\\/\\/(www\\.)?0db\\.co\\.kr\\/files\\/attach\\/images\\/[0-9]{5}\\/[a-z0-9]{32}\\.jpg$"},"id":47},
{"action":{"type":"block"},"condition":{"initiatorDomains":["e-himart.co.kr"],"regexFilter":"^https:\\/\\/static[0-9]\\.e-himart\\.co\\.kr\\/contents\\/content\\/display\\/cornerContents\\/imageBanner\\/[0-9]{3}\\/imageBanner_"},"id":48},
{"action":{"type":"block"},"condition":{"initiatorDomains":["stockinfo7.com"],"regexFilter":"^https?:\\/\\/(www\\.)?stockinfo7\\.com\\/img\\/(banner\\/|%E)"},"id":49},
{"action":{"type":"block"},"condition":{"initiatorDomains":["moyoplan.com"],"regexFilter":"^https:\\/\\/moyo-cdn\\.[a-z0-9]{2,3}\\.[a-z0-9-]{12,15}\\.amazonaws\\.com\\/img\\/banner\\/"},"id":50},
{"action":{"type":"block"},"condition":{"initiatorDomains":["dcinside.com"],"regexFilter":"^https:\\/\\/h5\\.dcinside\\.com\\/assets\\/(aaa%20|banner|[%A-F0-9]{20,})"},"id":51},
{"action":{"type":"block"},"condition":{"initiatorDomains":["nate.com"],"regexFilter":"^https:\\/\\/shop\\.nate\\.com\\/shopbox\\/shopbox.+&svcpage=news"},"id":52},
{"action":{"type":"block"},"condition":{"initiatorDomains":["nate.com"],"regexFilter":"^https:\\/\\/(comm\\.|m\\.)?news\\.nate\\.com\\/(etc|Etc)\\/[A-z]*(ad|Ad|AD)[A-z]*"},"id":53},
{"action":{"type":"block"},"condition":{"regexFilter":"^https:\\/\\/t1\\.daumcdn\\.net\\/b2\\/creative\\/[0-9]{6}\\/[a-z0-9]{32}\\."},"id":54},
{"action":{"type":"block"},"condition":{"initiatorDomains":["filecity.co.kr"],"regexFilter":"^https:\\/\\/www\\.filecity\\.co\\.kr\\/img\\/btn\\/top_banner_[a-z]{4}\\."},"id":55},
{"action":{"type":"block"},"condition":{"initiatorDomains":["hungryapp.co.kr"],"regexFilter":"^https:\\/\\/[a-z]+\\.hungryapp\\.co\\.kr\\/main\\/main[0-9]{4}\\/_main_event\\.php$"},"id":56},
{"action":{"type":"block"},"condition":{"initiatorDomains":["playwares.com"],"regexFilter":"^https?:\\/\\/playwares\\.com\\/files\\/attach\\/images\\/[0-9]{8}\\/[0-9]{3}\\/[0-9]{3}\\/[0-9]{3}\\/[a-z0-9]{32}\\."},"id":57},
{"action":{"type":"block"},"condition":{"regexFilter":"^https:\\/\\/shop[0-9]\\.daumcdn\\.net\\/shophow\\/sib\\/[0-9]_[0-9]{12}_[A-z]{10,}"},"id":58},
{"action":{"type":"block"},"condition":{"initiatorDomains":["compuzone.co.kr"],"regexFilter":"^https:\\/\\/image[0-9]{1,2}\\.compuzone\\.co\\.kr\\/img\\/images\\/main[0-9]{4}\\/[A-z]{1,2}\\/[A-z]{3,}Banner(|[0-9])_(|add_)[0-9]{5,6}\\."},"id":59},
{"action":{"type":"block"},"condition":{"initiatorDomains":["edaily.co.kr"],"regexFilter":"^https:\\/\\/image\\.edaily\\.co\\.kr\\/images\\/content\\/[A-z0-9]+640x100\\."},"id":60},
{"action":{"type":"block"},"condition":{"initiatorDomains":["edaily.co.kr"],"regexFilter":"^https:\\/\\/image\\.edaily\\.co\\.kr\\/images\\/content\\/[A-z0-9]+1080x128\\."},"id":61},
{"action":{"type":"block"},"condition":{"initiatorDomains":["dasibogo.net"],"regexFilter":"^https:\\/\\/v[0-9]+\\.dasibogo\\.net\\/wp-content\\/uploads\\/sites\\/[0-9]+\\/[0-9]+\\/[0-9]+\\/[a-z0-9]+\\."},"id":62},
{"action":{"type":"block"},"condition":{"initiatorDomains":["dasibogo.net"],"regexFilter":"^https:\\/\\/v[0-9]+\\.jogemovie\\.net\\/wp-content\\/uploads\\/sites\\/[0-9]+\\/[0-9]+\\/[0-9]+\\/[a-z0-9-]+\\."},"id":63},
{"action":{"type":"block"},"condition":{"initiatorDomains":["ygy48.com","ygy49.com","ygy50.com","ygy51.com","ygy52.com","ygy53.com","ygy54.com","ygy55.com","ygy56.com","ygy57.com","ygy58.com","ygy59.com","ygy60.com","ygy61.com"],"regexFilter":"^https:\\/\\/www\\.ygy[0-9]+\\.com\\/upload_files\\/banner\\/"},"id":64},
{"action":{"type":"block"},"condition":{"initiatorDomains":["ygy48.com","ygy49.com","ygy50.com","ygy51.com","ygy52.com","ygy53.com","ygy54.com","ygy55.com","ygy56.com","ygy57.com","ygy58.com","ygy59.com","ygy60.com","ygy61.com"],"regexFilter":"^https:\\/\\/www\\.ygy[0-9]+\\.com\\/upload_files\\/popup\\/"},"id":65},
{"action":{"type":"block"},"condition":{"initiatorDomains":["linkssakda.com"],"regexFilter":"^https:\\/\\/linkssakda\\.com\\/upload\\/images\\/[0-9]+\\."},"id":66},
{"action":{"type":"block"},"condition":{"regexFilter":"^https:\\/\\/avjoa[0-9]+\\.com\\/wp-content\\/uploads\\/[0-9]+\\/[0-9]+\\/.+\\.gif$"},"id":67},
{"action":{"type":"block"},"condition":{"regexFilter":"^https:\\/\\/www\\.ttking[0-9]+\\.me\\/ad\\/"},"id":68},
{"action":{"type":"block"},"condition":{"regexFilter":"^https:\\/\\/nolgoga[0-9]+\\.com\\/data\\/.+\\.gif$"},"id":69},
{"action":{"type":"block"},"condition":{"initiatorDomains":["tvzota106.com","tvzota107.com","tvzota108.com","tvzota109.com","tvzota110.com","tvzota111.com","tvzota112.com","tvzota113.com","tvzota114.com","tvzota115.com","tvzota116.com"],"regexFilter":"^https:\\/\\/tor[0-9]+\\.com\\/data\\/file\\/test\\/"},"id":70},
{"action":{"type":"block"},"condition":{"regexFilter":"^https:\\/\\/18moa[0-9]+\\.com\\/data\\/file\\/main_top_banner\\/thumb-"},"id":71},
{"action":{"type":"block"},"condition":{"regexFilter":"^https:\\/\\/opss[0-9]+\\.com\\/img\\/[A-z]+\\.gif(\\?v=[0-9]+)?$"},"id":72},
{"action":{"type":"block"},"condition":{"regexFilter":"^https:\\/\\/jiok[0-9]+\\.net\\/img\\/"},"id":73},
{"action":{"type":"block"},"condition":{"initiatorDomains":["yt723.org","yt724.org","yt725.org","yt726.org","yt727.org","yt728.org","yt729.org","yt730.org","yt731.org","yt732.org","yt733.org"],"regexFilter":"^https:\\/\\/yt[0-9]+\\.org\\/files\\/attach\\/banner_images\\/[0-9]+\\/([0-9-]+(x|X)[0-9]+|(%[A-Z0-9]+)+)\\."},"id":74},
{"action":{"type":"block"},"condition":{"regexFilter":"^https:\\/\\/bookmoa[0-9]+\\.com\\/data\\/apms\\/background\\/"},"id":75},
{"action":{"type":"block"},"condition":{"regexFilter":"^https:\\/\\/\\jusoyo[0-9]+\\.(net|com)\\/data\\/apms\\/background\\/"},"id":76},
{"action":{"type":"block"},"condition":{"regexFilter":"^https:\\/\\/\\jusoyo[0-9]+\\.(net|com)\\/.+\\.webp$"},"id":77},
{"action":{"type":"block"},"condition":{"regexFilter":"^https:\\/\\/yadong[0-9]+\\.net\\/Uploads\\/images\\/[0-9]{4}-[0-9]{2}-[0-9]{2}"},"id":78},
{"action":{"type":"block"},"condition":{"initiatorDomains":["fxfx247.com","fxfx248.com","fxfx249.com","fxfx250.com","fxfx251.com","fxfx252.com","fxfx253.com","fxfx254.com","fxfx255.com","fxfx256.com","fxfx257.com","fxfx258.com","fxfx259.com","fxfx260.com","fxfx261.com","fxfx262.com","fxfx263.com","fxfx264.com","fxfx265.com","wfwf328.com","wfwf329.com","wfwf330.com","wfwf331.com","wfwf332.com","wfwf333.com","wfwf334.com","wfwf335.com","wfwf336.com","wfwf337.com","wfwf338.com","wfwf339.com","wfwf340.com"],"regexFilter":"^https:\\/\\/iabn[0-9]+\\.net\\/"},"id":79},
{"action":{"type":"block"},"condition":{"regexFilter":"^https:\\/\\/mkmk[0-9]+\\.com\\/img\\/[a-z]+[0-9]+x[0-9]+"},"id":80},
{"action":{"type":"block"},"condition":{"regexFilter":"^https:\\/\\/mkmk[0-9]+\\.com\\/img\\/[a-z0-9_-]+\\.gif$"},"id":81},
{"action":{"type":"block"},"condition":{"regexFilter":"^https:\\/\\/ww[0-9]+\\.torrentdin[0-9]+\\.com\\/data\\/editor\\/[0-9]+\\/[a-z0-9]+_[a-z0-9]+_[a-z0-9]+\\."},"id":82},
{"action":{"type":"block"},"condition":{"regexFilter":"^https:\\/\\/ww[0-9]+\\.torrentdin[0-9]+\\.com\\/data\\/file\\/ad\\/"},"id":83},
{"action":{"type":"block"},"condition":{"regexFilter":"^https:\\/\\/www\\.torrentreel[0-9]+\\.site\\/ad\\/"},"id":84},
{"action":{"type":"block"},"condition":{"regexFilter":"^https:\\/\\/tvchak[0-9]+\\.com\\/img\\/bbnn"},"id":85},
{"action":{"type":"block"},"condition":{"regexFilter":"^https:\\/\\/agit[0-9]+\\.com\\/upload\\/[0-9]+\\/[0-9]+\\/[0-9]+\\."},"id":86},
{"action":{"type":"block"},"condition":{"regexFilter":"^https:\\/\\/(www\\.)?bobaelink[0-9]+\\.xyz\\/images\\/ad\\/"},"id":87},
{"action":{"type":"block"},"condition":{"initiatorDomains":["zzzz.lol"],"regexFilter":"\\/data\\/zzapstream\\/[0-9]+_[A-z0-9]+\\.gif"},"id":88},
{"action":{"type":"block"},"condition":{"regexFilter":"^https:\\/\\/m[0-9]+\\.kotbc\\.com\\/img\\/[a-z0-9_\\/]+\\.gif$"},"id":89},
{"action":{"type":"block"},"condition":{"regexFilter":"^https:\\/\\/torrentsee[0-9]+\\.com\\/uploadfile\\/up[a-z0-9]+\\.gif$"},"id":90},
{"action":{"type":"block"},"condition":{"regexFilter":"^https:\\/\\/manatoon[0-9]+\\.com\\/data\\/apms\\/background\\/"},"id":91},
{"action":{"type":"block"},"condition":{"regexFilter":"^https:\\/\\/av[0-9]+\\.org\\/banner\\/"},"id":92},
{"action":{"type":"block"},"condition":{"regexFilter":"^https:\\/\\/(www\\.)?todawa[0-9]+\\.asia\\/ad\\/"},"id":93},
{"action":{"type":"block"},"condition":{"regexFilter":"^https:\\/\\/(www\\.)?bngame[0-9]+\\.com\\/data\\/files\\/banner\\/"},"id":94},
{"action":{"type":"block"},"condition":{"regexFilter":"^https:\\/\\/tvmoa[0-9]+\\.com\\/data\\/apms\\/background\\/"},"id":95},
{"action":{"type":"block"},"condition":{"initiatorDomains":["save-1.net"],"regexFilter":"^https:\\/\\/img\\.cdnfor\\.me\\/images\\/[0-9]+\\/[0-9]+\\/[0-9]+\\/[a-z0-9_-]+\\."},"id":96},
{"action":{"type":"block"},"condition":{"initiatorDomains":["hasha.in"],"regexFilter":"^https:\\/\\/cdn-nl-[0-9]+\\.hasha\\.in\\/[A-z0-9_]+\\.gif$"},"id":97},
{"action":{"type":"block"},"condition":{"regexFilter":"^https:\\/\\/jgmoa[0-9]+\\.com\\/upload_files\\/popup\\/"},"id":98},
{"action":{"type":"block"},"condition":{"regexFilter":"^https:\\/\\/newtoki[0-9]+\\.com\\/tokinbtoki\\/[0-9]+"},"id":99},
{"action":{"type":"block"},"condition":{"regexFilter":"^https:\\/\\/manatoki[0-9]+\\.net\\/tokinbtoki\\/"},"id":100},
{"action":{"type":"block"},"condition":{"regexFilter":"^https:\\/\\/static\\.tzstatic\\.top\\/t\\/[a-z0-9]+\\.gif$"},"id":101},
{"action":{"type":"block"},"condition":{"regexFilter":"^https:\\/\\/image\\.yaburi[0-9]+\\.com\\/image-storage\\/banners\\/"},"id":102},
{"action":{"type":"block"},"condition":{"initiatorDomains":["torrentnx17.com","torrentnx18.com","torrentnx19.com","torrentnx20.com","torrentnx21.com","torrentnx22.com","torrentnx23.com","torrentnx24.com","torrentnx25.com","torrentnx26.com","torrentnx27.com"],"regexFilter":"^https:\\/\\/w[0-9]+\\.torrentnx[0-9]+\\.com\\/data\\/file\\/notice\\/"},"id":103},
{"action":{"type":"block"},"condition":{"initiatorDomains":["wftoon137.com","wftoon138.com","wftoon139.com","wftoon140.com","wftoon141.com","wftoon142.com","wftoon143.com","wftoon144.com","wftoon145.com","wftoon146.com","wftoon147.com","wftoon148.com","wftoon149.com","wftoon150.com","wftoon151.com","wtwt256.com","wtwt257.com","wtwt258.com","wtwt259.com","wtwt260.com","wtwt261.com","wtwt262.com","wtwt263.com","wtwt264.com","wtwt265.com","wtwt266.com","wtwt267.com","wtwt268.com","wtwt269.com","wtwt270.com","wtwt271.com","wtwt272.com","wtwt273.com","wtwt274.com"],"regexFilter":"^https:\\/\\/imgcloud[0-9]+\\.net\\/"},"id":104},
{"action":{"type":"block"},"condition":{"regexFilter":"^https:\\/\\/torrentten[0-9]+\\.com\\/thema\\/Basic\\/assets\\/img\\/.+\\.gif$"},"id":105},
{"action":{"type":"block"},"condition":{"regexFilter":"^https:\\/\\/linkrand[0-9]+\\.com\\/thema\\/Miso-Basic[0-9]\\/assets\\/img\\/banne"},"id":106},
{"action":{"type":"block"},"condition":{"regexFilter":"^https:\\/\\/linkrand[0-9]+\\.com\\/data\\/file\\/(left|right)_sero\\/"},"id":107},
{"action":{"type":"block"},"condition":{"regexFilter":"^https:\\/\\/linkrand[0-9]+\\.com\\/data\\/apms\\/background\\/"},"id":108},
{"action":{"type":"block"},"condition":{"regexFilter":"^https:\\/\\/linkrand[0-9]+\\.com\\/data\\/file\\/site_2\\/"},"id":109},
{"action":{"type":"block"},"condition":{"regexFilter":"^https:\\/\\/tvbox[0-9]+\\.xyz\\/data\\/apms\\/background\\/.+\\.gif$"},"id":110},
{"action":{"type":"block"},"condition":{"regexFilter":"^https:\\/\\/ydbox[0-9]+\\.com\\/data\\/apms\\/background\\/.+\\.gif$"},"id":111},
{"action":{"type":"block"},"condition":{"regexFilter":"^https:\\/\\/nightyd[0-9]+\\.com\\/uploadfile\\/up[a-z0-9]+\\."},"id":112},
{"action":{"type":"block"},"condition":{"regexFilter":"^https:\\/\\/linkeye[0-9]+\\.com\\/data\\/file\\/banner\\/"},"id":113},
{"action":{"type":"block"},"condition":{"regexFilter":"^https:\\/\\/hohotoon[0-9]+\\.com\\/data\\/banner\\/"},"id":114},
{"action":{"type":"block"},"condition":{"regexFilter":"^https?:\\/\\/(www\\.)?spotv[0-9]+\\.com\\/theme\\/basic\\/img\\/[a-z]+_ad_"},"id":115},
{"action":{"type":"block"},"condition":{"regexFilter":"^https:\\/\\/torrenthaja[0-9]*\\.com\\/data\\/banner\\/"},"id":116},
{"action":{"type":"block"},"condition":{"regexFilter":"^https:\\/\\/xn--8-o68e16s35etqj\\.com\\/data\\/editor\\/[0-9]+\\/[a-z0-9]+_[a-z0-9]+_[a-z0-9]+\\."},"id":117},
{"action":{"type":"block"},"condition":{"regexFilter":"^https:\\/\\/torrentmode[0-9]+\\.com\\/data\\/zn_bimg\\/"},"id":118},
{"action":{"type":"block"},"condition":{"regexFilter":"^https:\\/\\/toonkor[0-9]+\\.com\\/images\\/[0-9a-z-]*[0-9]{3,}(x|X)[0-9]{2,}"},"id":119},
{"action":{"type":"block"},"condition":{"regexFilter":"^https:\\/\\/toonkor[0-9]+\\.com\\/bann\\/"},"id":120},
{"action":{"type":"block"},"condition":{"regexFilter":"^https:\\/\\/torrentlee[0-9]+\\.com\\/[A-z_0-9]+\\.gif$"},"id":121},
{"action":{"type":"block"},"condition":{"regexFilter":"^https:\\/\\/torrentwiz[0-9]+\\.com\\/[A-z0-9]+\\.gif$"},"id":122},
{"action":{"type":"block"},"condition":{"regexFilter":"^https:\\/\\/agit[0-9]+\\.xyz\\/data\\/file\\/novel\\/banner\\/"},"id":123},
{"action":{"type":"block"},"condition":{"regexFilter":"^https:\\/\\/jgmoa[0-9]+\\.com\\/upload_files\\/banner\\/"},"id":124},
{"action":{"type":"block"},"condition":{"regexFilter":"https:\\/\\/www\\.sexzoa[0-9]+\\.me\\/imgad\\/"},"id":125},
{"action":{"type":"block"},"condition":{"regexFilter":"^https:\\/\\/yagong[0-9]+\\.com\\/storage\\/upload\\/banners\\/"},"id":126},
{"action":{"type":"block"},"condition":{"regexFilter":"^https:\\/\\/yagong[0-9]+\\.com\\/images\\/[A-z0-9-]+\\.gif$"},"id":127},
{"action":{"type":"block"},"condition":{"regexFilter":"^https:\\/\\/www\\.xcity[0-9]+\\.me\\/imgad\\/"},"id":128},
{"action":{"type":"block"},"condition":{"regexFilter":"^https:\\/\\/www\\.jinyi[0-9]+\\.me\\/imgad\\/"},"id":129},
{"action":{"type":"block"},"condition":{"regexFilter":"^https:\\/\\/www\\.redsun[0-9]+\\.me\\/ad\\/"},"id":130},
{"action":{"type":"block"},"condition":{"regexFilter":"^https:\\/\\/manamoa[0-9]+\\.com\\/data\\/apms\\/background\\/"},"id":131},
{"action":{"type":"block"},"condition":{"regexFilter":"^https:\\/\\/namedtoon[0-9]+\\.com\\/Uploads\\/\\/images\\/[0-9]{4}-[0-9]{2}-[0-9]{2}\\/[a-z0-9]{13}"},"id":132},
{"action":{"type":"block"},"condition":{"regexFilter":"^https:\\/\\/(www\\.)?race[0-9]+\\.xyz\\/images\\/spon\\/"},"id":133},
{"action":{"type":"block"},"condition":{"regexFilter":"^https:\\/\\/dc\\.filesbest\\.xyz\\/uploadfile\\/images\\/[a-z0-9]+\\.gif$"},"id":134},
{"action":{"type":"block"},"condition":{"regexFilter":"^https:\\/\\/torrentwiz[0-9]+\\.com\\/data\\/editor\\/[0-9]{4}\\/"},"id":135},
{"action":{"type":"block"},"condition":{"regexFilter":"^https:\\/\\/torrentbot[0-9]+\\.com\\/uploadfile\\/up[a-z0-9]+\\.gif$"},"id":136},
{"action":{"type":"block"},"condition":{"regexFilter":"^https:\\/\\/(www\\.)?filetender\\.com\\/images\\/[0-9]{3,}(X|x)[0-9]{3,}-[0-9]{4}"},"id":137},
{"action":{"type":"block"},"condition":{"regexFilter":"^https:\\/\\/booktoki[0-9]+\\.com\\/tokinbtoki\\/[0-9]+"},"id":138},
{"action":{"type":"block"},"condition":{"regexFilter":"^https:\\/\\/frtoon[0-9]+\\.com\\/data\\/by_banner\\/"},"id":139},
{"action":{"type":"block"},"condition":{"regexFilter":"^https?:\\/\\/[0-9]+image\\.[0-9]+toon\\.com\\/Image\\/Banposter\\/"},"id":140},
{"action":{"type":"block"},"condition":{"regexFilter":"^https?:\\/\\/toon[0-9]+\\.com\\/bbs\\/myiframe\\.html$"},"id":141},
{"action":{"type":"block"},"condition":{"regexFilter":"^https?:\\/\\/manaboza[0-9]+\\.com\\/static\\/picture\\/[0-9]{4}_[0-9]{10}\\.[0-9]{4}\\."},"id":142},
{"action":{"type":"block"},"condition":{"regexFilter":"^https?:\\/\\/manaboza[0-9]+\\.com\\/static\\/image\\/header\\/"},"id":143},
{"action":{"type":"block"},"condition":{"regexFilter":"^https:\\/\\/newtoon[0-9]+\\.com\\/banner\\/"},"id":144},
{"action":{"type":"block"},"condition":{"regexFilter":"^https:\\/\\/bam[0-9]+co\\.com\\/_book\\/_Contents\\/banner\\/"},"id":145},
{"action":{"type":"block"},"condition":{"regexFilter":"^https:\\/\\/blacktoon[0-9]+\\.com\\/poster_js\\/[0-9]+\\.js"},"id":146},
{"action":{"type":"block"},"condition":{"initiatorDomains":["m.sports.naver.com"],"isUrlFilterCaseSensitive":true,"regexFilter":"^https:\\/\\/sports-phinf\\.pstatic\\.net\\/[0-9]+_[0-9]+\\/[A-z0-9]+_[A-Z]+\\/(%[A-Z0-9]+)+_(%[A-Z0-9]+)+_","resourceTypes":["image"]},"id":147},
{"action":{"type":"block"},"condition":{"initiatorDomains":["adsenseforum.co.kr","adsenseforum2.co.kr"],"isUrlFilterCaseSensitive":true,"regexFilter":"^https?:\\/\\/adsenseforum[0-9]*\\.co\\.kr\\/skin\\/board\\/WS_Board_QA.+\\.","resourceTypes":["image"]},"id":148},
{"action":{"type":"block"},"condition":{"initiatorDomains":["soxak.com"],"regexFilter":"^https:\\/\\/soxak\\.com\\/system\\/covers\\/[0-9]+\\/[0-9]+\\/[0-9]+\\/[a-z0-9]+\\/original_","resourceTypes":["image"]},"id":149},
{"action":{"type":"block"},"condition":{"initiatorDomains":["humoruniv.com"],"regexFilter":"^https?:\\/\\/(m\\.)?humoruniv\\.com\\/.+\\?[a-z0-9]+=","resourceTypes":["xmlhttprequest"]},"id":150},
{"action":{"type":"block"},"condition":{"isUrlFilterCaseSensitive":true,"regexFilter":"^https:\\/\\/[0-9a-z]{8}\\.[A-z0-9-]+\\.[A-z]{2,3}\\/[a-z]+\\/[a-z0-9]{10}\\.html$","resourceTypes":["main_frame"]},"id":151},
{"action":{"type":"block"},"condition":{"regexFilter":"^https:\\/\\/[A-z0-9\\.]*[A-z0-9]+\\.[A-z]+\\/\\?u=[A-z0-9]{7}&o=[A-z0-9]{7}","resourceTypes":["main_frame"]},"id":152},
{"action":{"type":"block"},"condition":{"regexFilter":"^https:\\/\\/[A-z]+\\.[A-z]+\\.[A-z]+\\/[A-z]+-robot\\/\\?pl=[A-z0-9-]{22}&sm=[A-z]+-robot&hash=[A-z0-9-]{22}&exp=[0-9]{10}","resourceTypes":["main_frame"]},"id":153},
{"action":{"type":"block"},"condition":{"regexFilter":"^https:\\/\\/[0-9]{9}\\.[A-z0-9-]+\\.[A-z]{2}\\/[0-9]{6}\\.html$","resourceTypes":["main_frame"]},"id":154},
{"action":{"type":"allow"},"condition":{"regexFilter":"^(http|https):\\/\\/image\\.kyobobook\\.co\\.kr\\/ink\\/images\\/prom\\/[0-9]{4}\\/general\\/[0-9]{6}_dailyCheck\\/"},"id":155},
{"action":{"type":"allow"},"condition":{"regexFilter":"^https:\\/\\/www\\.ehanex\\.com\\/images\\/main\\/[a-z]{2}_ad\\.gif$"},"id":156},
{"action":{"type":"block"},"condition":{"initiatorDomains":["avpink365.com","avpink366.com","avpink367.com","avpink368.com","avpink369.com","avpink370.com","avpink371.com","avpink372.com","avpink373.com"],"regexFilter":"^https:\\/\\/avpink[0-9]+\\.com\\/wp-content\\/uploads\\/[0-9]+\\/[0-9]+\\/[0-9-%A-Z]+x[0-9]+"},"id":157},
{"action":{"type":"block"},"condition":{"initiatorDomains":["avpink365.com","avpink366.com","avpink367.com","avpink368.com","avpink369.com","avpink370.com","avpink371.com","avpink372.com","avpink373.com"],"regexFilter":"^https:\\/\\/avpink[0-9]+\\.com\\/wp-content\\/uploads\\/[0-9]+\\/[0-9]+\\/[0-9]+-[0-9]+-[0-9]+\\."},"id":158}
]
