[
{"action":{"type":"block"},"condition":{"initiatorDomains":["vidoza.net"],"regexFilter":":\\/\\/[\\w\\W]{5,15}\\.[a-z]{2,3}:[0-9]{3,4}\\/"},"id":1},
{"action":{"type":"block"},"condition":{"initiatorDomains":["animezone.pl","fileone.tv","flashx.tv","kreskowkazone.pl","raptu.com","vidfile.net","vidoza.net"],"regexFilter":"^https?:\\/\\/[a-z0-9-]{8,30}\\.[a-z]{2,11}\\/[0-9]{3,10}","resourceTypes":["script","stylesheet","sub_frame","xmlhttprequest"]},"id":2},
{"action":{"type":"block"},"condition":{"initiatorDomains":["cda-hd.cc","cdahd.co","clipwatching.com","freedisc.pl","streamtape.com"],"regexFilter":"^https?:\\/\\/[a-z]{3,10}\\.[a-z]{3,4}\\/[\\w-]{4,10}.(css|png)[\\w\\W]{30,80}","resourceTypes":["image","stylesheet"]},"id":3},
{"action":{"type":"block"},"condition":{"initiatorDomains":["brwinow.com","cenyrolnicze.pl","chwaszczyno.pl","darkplanet.pl","eoborniki.pl","fakty-wwl.pl","fishing-test.pl","glucholazyonline.com.pl","goniec.com","gostynin24.pl","informacjelokalne.pl","janosik.info","krakowski24.pl","livingroom24.pl","magazyngitarzysta.pl","msfera.pl","muzyczneradio.com.pl","muzyczneradio.pl","nowawrzesnia.pl","ogloszenia.gazeta.ie","orawa24.info","packaging-polska.pl","pogoda.info","portalrolniczy.info","przegladkoninski.pl","radiopoznan.fm","skawina24.com","skijumping.pl","tsk24.pl","tvrep.pl","tygodnik-krapkowicki.info","wkonin.pl","wroclawskiejedzenie.pl","wschodnik.pl","www.informacje.kolobrzeg.pl","www.konstrukcjeinzynierskie.pl","zywiecinfo.pl"],"regexFilter":"\\/(images|img|data|uploads|upload|assets)\\/banners\\/","resourceTypes":["image","object"]},"id":4},
{"action":{"type":"block"},"condition":{"initiatorDomains":["chip.pl"],"regexFilter":"^(http|https):\\/\\/www\\.chip\\.pl\\/wp-content\\/themes\\/_chip\\/[a-z]{4,6}\\/[a-z]{4,5}-[0-9]{4,5}","resourceTypes":["image"]},"id":5},
{"action":{"type":"block"},"condition":{"initiatorDomains":["abcvideo.cc","www.flashx.net"],"regexFilter":"^https?:\\/\\/[a-z]{3,15}\\.[a-z]{3,4}\\/[\\w\\W]{120,}","resourceTypes":["image","sub_frame","xmlhttprequest"]},"id":6},
{"action":{"type":"block"},"condition":{"regexFilter":"^(http|https):\\/\\/eurogamer-pl\\.eurogamer\\.pl\\/[\\w\\W]{250,400}","resourceTypes":["image","script","xmlhttprequest"]},"id":7},
{"action":{"type":"block"},"condition":{"regexFilter":"^https:\\/\\/(g|www)\\.cda\\.pl\\/[\\w]{1,50}\\.php\\?[\\w\\W]{60,150}=[0-9]{10,20}","resourceTypes":["object","xmlhttprequest"]},"id":8},
{"action":{"type":"block"},"condition":{"regexFilter":":\\/\\/[a-zA-Z0-9]{3,9}\\.quartic\\.pl\\/Ad\\/","resourceTypes":["script"]},"id":9},
{"action":{"type":"block"},"condition":{"initiatorDomains":["profil.wp.pl"],"regexFilter":"^https:\\/\\/[a-z]{2,14}\\.wp\\.pl\\/[a-zA-Z0-9_-]{200,}","resourceTypes":["script"]},"id":10},
{"action":{"type":"block"},"condition":{"initiatorDomains":["poczta.o2.pl"],"regexFilter":"^https:\\/\\/[a-z]{2,14}\\.wp\\.pl\\/[a-zA-Z0-9_-]{200,915}$","resourceTypes":["script"]},"id":11},
{"action":{"type":"block"},"condition":{"initiatorDomains":["dziennikwschodni.pl"],"regexFilter":"^https:\\/\\/[a-z]{5,10}\\.[a-z]{3,3}\\/easylist\\/[0-9]{5,6}","resourceTypes":["script"]},"id":12},
{"action":{"type":"block"},"condition":{"regexFilter":"\\/[a-z]{3,5}\\.php\\?zoneid=[0-9]{3,7}","resourceTypes":["script"]},"id":13},
{"action":{"type":"block"},"condition":{"initiatorDomains":["upzone.cc"],"regexFilter":"^https?:\\/\\/[\\w]{8,}\\.[a-z]{3,3}\\/[a-zA-Z]{1,10}\\.html[\\w\\d\\W]{100,}","resourceTypes":["script"]},"id":14},
{"action":{"type":"block"},"condition":{"initiatorDomains":["fileone.tv","jetload.net"],"regexFilter":"^https?:\\/\\/[\\w]{5,}\\.[a-z]{3,4}\\/[\\w\\d\\W]{45,}","resourceTypes":["script"]},"id":15},
{"action":{"type":"block"},"condition":{"initiatorDomains":["cda-tv.pl"],"regexFilter":"^https?:\\/\\/[a-z0-9-]{8,30}\\.[a-z]{2,11}\\/[a-z]{1,3}\\/[0-9]{5,10}","resourceTypes":["script"]},"id":16},
{"action":{"type":"block"},"condition":{"initiatorDomains":["cda-hd.cc","cda-hd.co","cda-tv.online","clipwatching.com","ekino.pw","fileone.tv","filman.cc","jetload.net","onlystream.tv","playtube.ws","srkcast.com","supervideo.tv","upstream.to","userload.co","vidfile.net","vidto.me","vizjer.pl","vodi.cc","waaw.tv","whostreams.net"],"regexFilter":"^https?:\\/\\/[a-z0-9]{5,}\\.(com|bid|online|top|club)\\/[a-z0-9]{1,}\\/[a-z0-9]{1,}\\/[a-z0-9]{1,}\\/[a-z0-9/]{4,}\\.js","resourceTypes":["script"]},"id":17},
{"action":{"type":"block"},"condition":{"initiatorDomains":["abcvideo.cc","cdahd.co","clipwatching.com","cloudupload.co","devil-torrents.pl","ekinomaniak.net","electro-torrent.pl","fileone.tv","filman.cc","flashx.net","hqq.watch","onlystream.tv","raptu.com","segos.es","seriale-po-polsku.pl","sharevideo.pl","sharing-box.cloud","shinden.pl","tele-wizja.is","upstream.to","upzone.cc","veecast.net","videopenny.net","vidfile.net","vidlox.tv","vidspace.io","vidstream.xyz","virpe.com","whostreams.net"],"regexFilter":"^https?:\\/\\/[a-zA-Z.0-9]{7,}\\.(com|bid|info)\\/[a-zA-Z.-]{1,}\\.js","resourceTypes":["script"]},"id":18},
{"action":{"type":"block"},"condition":{"initiatorDomains":["abcvideo.cc","animezone.pl","seriale-po-polsku.pl"],"regexFilter":"^https?:\\/\\/[a-zA-Z0-9]{10,}\\.cloudfront\\.net\\/[a-zA-Z0-9%?=]{10,}","resourceTypes":["script"]},"id":19},
{"action":{"type":"block"},"condition":{"initiatorDomains":["ekino.pw"],"regexFilter":"^https?:\\/\\/[a-zA-Z0-9]{7,}\\.com\\/","resourceTypes":["script"]},"id":20},
{"action":{"type":"block"},"condition":{"initiatorDomains":["cdahd.co","onlystream.tv","tele-wizja.is","widestream.io"],"regexFilter":"^https?:\\/\\/[a-zA-Z0-9]{5,10}\\.[a-z]{2,10}\\/[a-zA-Z0-9?_=&-.%]{50,70}","resourceTypes":["script","sub_frame"]},"id":21},
{"action":{"type":"block"},"condition":{"initiatorDomains":["veecast.net"],"regexFilter":"^https?:\\/\\/[a-zA-Z0-9]{5,15}\\.(com|net)\\/[a-z]{4,10}\\/[0-9a-z.?=%A-Z-&]{60,100}","resourceTypes":["script"]},"id":22},
{"action":{"type":"block"},"condition":{"initiatorDomains":["waaw.to"],"regexFilter":"^https?:\\/\\/[a-zA-Z0-9.]{7,}\\.(xyz)\\/","resourceTypes":["script","sub_frame"]},"id":23},
{"action":{"type":"block"},"condition":{"initiatorDomains":["fileone.tv","vidoza.net"],"regexFilter":"^(http|https):\\/\\/[a-z\\W]{6,15}\\.[a-z]{2,5}\\/[a-z.]{4,10}\\.js","resourceTypes":["script"]},"id":24},
{"action":{"type":"block"},"condition":{"initiatorDomains":["crazynauka.pl","fandroid.com.pl","legiobiznes.pl"],"regexFilter":"\\/wp-content\\/uploads\\/[a-zA-Z]{8,}\\/[a-zA-Z]{8,}\\.js","resourceTypes":["script"]},"id":25},
{"action":{"type":"block"},"condition":{"initiatorDomains":["cda-hd.cc","cdahd.co","clipwatching.com","freedisc.pl","onlystream.tv"],"regexFilter":"^https?:\\/\\/[a-z]{3,10}\\.[a-z]{3,4}\\/[a-z]{3,10}\\.json","resourceTypes":["xmlhttprequest"]},"id":26},
{"action":{"type":"block"},"condition":{"initiatorDomains":["filman.cc","flashx.net"],"regexFilter":"^https?:\\/\\/[a-z]{3,15}\\.pro\\/[a-zA-Z0-9?=&]{10,}","resourceTypes":["xmlhttprequest"]},"id":27},
{"action":{"type":"block"},"condition":{"initiatorDomains":["streamtape.com"],"regexFilter":"^https?:\\/\\/[a-z]{3,10}\\.[a-z]{3,4}\\/[a-z]{1,10}\\.(json|html)","resourceTypes":["xmlhttprequest"]},"id":28},
{"action":{"type":"block"},"condition":{"initiatorDomains":["fileone.tv"],"regexFilter":"^(http|https):\\/\\/[a-z.]{5,15}\\.[a-z]{2,4}\\/[a-z]{3,3}\\/conf\\?[a-z0-9\\W]{10,50}","resourceTypes":["xmlhttprequest"]},"id":29},
{"action":{"type":"block"},"condition":{"initiatorDomains":["abcvideo.cc","cda-hd.cc","cdahd.co","clipwatching.com","streamtape.com"],"regexFilter":"\\/[0-9a-zA-Z]{1,10}\\.html$","resourceTypes":["sub_frame"]},"id":30},
{"action":{"type":"block"},"condition":{"initiatorDomains":["abcvideo.cc","ekino-tv.pl"],"regexFilter":"^https?:\\/\\/[a-z0-9]{10,20}\\.com\\/[0-9]{5,10}\\.html","resourceTypes":["sub_frame"]},"id":31},
{"action":{"type":"block"},"condition":{"initiatorDomains":["cloudtime.to","darmowa-telewizja.info","embed.nowvideo.sx"],"regexFilter":"^https?:\\/\\/[a-z]{5,10}\\.com\\/[a-zA-Z0-9+]{80,}","resourceTypes":["sub_frame"]},"id":32},
{"action":{"type":"block"},"condition":{"initiatorDomains":["userload.co"],"regexFilter":"^https?:\\/\\/[a-zA-Z0-9.]{7,}\\.(com|net)\\/","resourceTypes":["sub_frame"]},"id":33},
{"action":{"type":"block"},"condition":{"initiatorDomains":["heja.tv"],"regexFilter":"^(http|https):\\/\\/[a-z]{5,10}\\.[a-z]{2,3}\\/[\\w\\W]{50,80}","resourceTypes":["sub_frame"]},"id":34},
{"action":{"type":"block"},"condition":{"initiatorDomains":["open.fm"],"regexFilter":"^https:\\/\\/[a-z.]{2,16}\\.wp\\.pl\\/[a-zA-Z0-9-_.?=?&%]{472,}","resourceTypes":["media"]},"id":35},
{"action":{"type":"block"},"condition":{"initiatorDomains":["open.fm"],"regexFilter":"^https?:\\/\\/open\\.fm\\/.{60,}","resourceTypes":["media"]},"id":36},
{"action":{"type":"allow"},"condition":{"regexFilter":"app\\.erpxt\\.[a-z]{2,3}\\/Scripts\\/Code\\/"},"id":37},
{"action":{"type":"allow"},"condition":{"initiatorDomains":["webcamera.pl"],"regexFilter":"^(https|http):\\/\\/static\\.webcamera\\.pl\\/[a-z-0-9]{3,15}\\.(png|jpg)","resourceTypes":["image"]},"id":38},
{"action":{"type":"allow"},"condition":{"initiatorDomains":["rexona.com"],"regexFilter":"online_ads","resourceTypes":["image"]},"id":39},
{"action":{"type":"allow"},"condition":{"initiatorDomains":["www.olx.pl"],"regexFilter":"js\\/tracking","resourceTypes":["script"]},"id":40},
{"action":{"type":"allow"},"condition":{"initiatorDomains":["account.ubisoft.com"],"regexFilter":"tagcommander","resourceTypes":["script"]},"id":41},
{"action":{"type":"allow"},"condition":{"regexFilter":"^(https|http):\\/\\/a-o\\.ninja\\/[0-9a-zA-z-]{10,200}\\.js","resourceTypes":["script"]},"id":42},
{"action":{"type":"allow"},"condition":{"initiatorDomains":["exdb.net"],"regexFilter":"wp-content\\/plugins\\/deblocker","resourceTypes":["script"]},"id":43}
]
