[
{"action":{"type":"block"},"condition":{"initiatorDomains":["coocook.me"],"regexFilter":"smart-facebook-page-like-overlay-pro"},"id":1},
{"action":{"type":"block"},"condition":{"initiatorDomains":["podelki-doma.ru","psysovet24.ru"],"regexFilter":"wp-content\\/plugins\\/socialer"},"id":2},
{"action":{"type":"block"},"condition":{"initiatorDomains":["ogorodnik-sadovod.ru"],"regexFilter":"wp-content\\/plugins\\/my-popup"},"id":3},
{"action":{"type":"block"},"condition":{"initiatorDomains":["docfilms.info","green-teatv.com","vesjoloevideo.ru"],"regexFilter":"a-detector"},"id":4},
{"action":{"type":"block"},"condition":{"initiatorDomains":["animevost.org","animevost.top","vost.pw"],"regexFilter":"^https?:\\/\\/(animevost.org|[^\\s]+\\.animevost.top|[^\\s]+\\.vost.pw)\\/[0-9]{2}.png$","resourceTypes":["image"]},"id":5},
{"action":{"type":"block"},"condition":{"initiatorDomains":["stratege.ru"],"regexFilter":"^https?:\\/\\/www\\.stratege\\.ru\\/misc\\/[a-z0-9]{25,}","resourceTypes":["image"]},"id":6},
{"action":{"type":"block"},"condition":{"initiatorDomains":["nb.by"],"regexFilter":"nb.by\\/img\\/ban\\d\\/","resourceTypes":["image"]},"id":7},
{"action":{"type":"block"},"condition":{"initiatorDomains":["yandex.by","yandex.kz","yandex.ru","yandex.uz"],"regexFilter":"^https?:\\/\\/yastatic\\.net\\/www\\/_\\/[^\\s]{150,}","resourceTypes":["image"]},"id":8},
{"action":{"type":"block"},"condition":{"initiatorDomains":["xn--90adear.xn--p1ai"],"regexFilter":"proxy\\/check\\/popup","resourceTypes":["script"]},"id":9},
{"action":{"type":"block"},"condition":{"initiatorDomains":["spletnik.ru"],"regexFilter":"^https?:\\/\\/www\\.spletnik\\.ru\\/[^\\s]{70,}","resourceTypes":["script","xmlhttprequest"]},"id":10},
{"action":{"type":"block"},"condition":{"domainType":"firstParty","regexFilter":"\\/[A-Za-z0-9]{5}\\/[A-Za-z0-9]{33}\\d{4}\\.js$","resourceTypes":["script"]},"id":11},
{"action":{"type":"block"},"condition":{"domainType":"thirdParty","regexFilter":"\\/[a-z]{1,3}\\?zoneId\\=\\d{7}\\-\\d{7}$","resourceTypes":["script"]},"id":12},
{"action":{"type":"block"},"condition":{"domainType":"thirdParty","excludedInitiatorDomains":["hotcharts.ru"],"regexFilter":"^https?:\\/\\/([^.]+\\.)+[a-z]+\\.(?:biz|ru|space)\\/[a-z][/?][-a-z0-9_?&=]{5,45}$","resourceTypes":["script"]},"id":13},
{"action":{"type":"block"},"condition":{"domainType":"thirdParty","regexFilter":"^https?:\\/\\/[0-9a-f]{10}\\.[0-9a-f]{10}\\.com\\/[0-9a-f]{32}\\.js$","resourceTypes":["script"]},"id":14},
{"action":{"type":"block"},"condition":{"domainType":"thirdParty","excludedInitiatorDomains":["dusk.com.au","profi.ru","reckon.com"],"regexFilter":"^https?:\\/\\/[a-z0-9]+\\.info\\/+[-a-z0-9_?&=]{9,}","resourceTypes":["script"]},"id":15},
{"action":{"type":"block"},"condition":{"domainType":"thirdParty","initiatorDomains":["aniqit.com","anivod.com","kinoxam.ru","kodik.biz","kodik.cc","kodik.info","kodikdb.com","u-cdn.org","u-cdn.top","u-play.pro","u-stream.in","video.animejoy.ru","video.doramatv.su"],"regexFilter":"^https?:\\/\\/[a-z0-9]+\\.in\\.net\\/+[-a-z0-9_?&=]{25,}","resourceTypes":["xmlhttprequest"]},"id":16},
{"action":{"type":"block"},"condition":{"domainType":"thirdParty","regexFilter":":\\/\\/20\\d\\d\\d\\d\\d\\d\\..*\\.html","resourceTypes":["sub_frame"]},"id":17},
{"action":{"type":"block"},"condition":{"domainType":"thirdParty","initiatorDomains":["agroter.com.ua","cvnews.cv.ua","ifnews.org.ua","lvnews.org.ua","rvnews.rv.ua","tenews.org.ua","ternopillive.com","uanews.org.ua"],"regexFilter":"^https?:\\/\\/[^\\s]+(\\/eu_widget|\\/news_widget\\/|\\/widget\\/)","resourceTypes":["sub_frame"]},"id":18},
{"action":{"type":"allow"},"condition":{"initiatorDomains":["crocs.ru","goods.ru","travelata.ru","trusted.ru"],"regexFilter":"upload\\/banners"},"id":19},
{"action":{"type":"allow"},"condition":{"domainType":"firstParty","initiatorDomains":["game4you.top","games-pc.top","innal.top","naylo.top","rustorka.com","rustorka.net","rustorka.top","rustorkacom.lib"],"regexFilter":"(clickunder|footerad|layerad|lazyad|leaderad|leftad|linkad|pop_ad|prerollad|printad|pubads|pushdownad|report_ad|right_ad|sidebar_ad|under)","resourceTypes":["script"]},"id":20}
]
