[
{
 "action": {
  "type": "block"
 },
 "condition": {
  "initiatorDomains": [
   "alcalorpolitico.com"
  ],
  "regexFilter": "imagenespublicidad",
  "resourceTypes": [
   "image"
  ]
 },
 "id": 1
},
{
 "action": {
  "type": "block"
 },
 "condition": {
  "initiatorDomains": [
   "elmundoporno.com",
   "pasionchicas.com",
   "pornoculazos.com",
   "pornoespaniol.com",
   "pornofakings.com",
   "pornoincreible.com",
   "teatrodelporno.com",
   "teatroporno.com"
  ],
  "regexFilter": "^https?:\\/\\/.*\\/[a-z0-9A-Z_]{2,15}\\.(php|jx|jsx|1ph|jsf|jz|jsm|j$)",
  "resourceTypes": [
   "image",
   "script",
   "sub_frame"
  ]
 },
 "id": 2
},
{
 "action": {
  "type": "block"
 },
 "condition": {
  "initiatorDomains": [
   "animefenix.com",
   "hispasexy.org",
   "manga-mx.com",
   "serielatinobobesponja.com",
   "series-de.online"
  ],
  "regexFilter": "^https?:\\/\\/[0-9a-z]{8,}.[0-9a-z]{8,}\\.com\\/",
  "resourceTypes": [
   "script"
  ]
 },
 "id": 3
},
{
 "action": {
  "type": "block"
 },
 "condition": {
  "initiatorDomains": [
   "diariotextual.com"
  ],
  "regexFilter": "popup-maker",
  "resourceTypes": [
   "script"
  ]
 },
 "id": 4
},
{
 "action": {
  "type": "block"
 },
 "condition": {
  "domainType": "thirdParty",
  "excludedResourceTypes": [
   "main_frame",
   "media"
  ],
  "initiatorDomains": [
   "animefenix.com",
   "animefenix.tv",
   "animeonline.ninja",
   "animeyt.es",
   "compucalitv.com",
   "compupaste.com",
   "cuevana2.cyou",
   "gnula24.xyz",
   "henaojara2.com",
   "hentaiyt.net",
   "hispasexy.org",
   "mangamovil.net",
   "megaepubsgratis.com",
   "mejortorrent.cc",
   "mundoepub3.com",
   "pelispediahd.site",
   "pelisplus.top",
   "pelisplus2.io",
   "pelisplushd.nu",
   "pirlotv.fr",
   "pirlotvonline.org",
   "pormega.com",
   "pornotorrent.es",
   "pornstarsyfamosas.es",
   "rojadirectaenvivo.club",
   "rojadirectatv.tv",
   "seriesly.top",
   "seriespepito.top",
   "shadowrangers.live",
   "shadowrangers.net",
   "telenovelas-turcas.com.es",
   "tomatomatela.com",
   "verblackclover.com",
   "verboruto.online",
   "xn--solopeliculasespaol-c4b.com"
  ],
  "regexFilter": "^https?:\\/\\/[0-9a-z]{8,}\\.com\\/.*"
 },
 "id": 5
},
{
 "action": {
  "type": "block"
 },
 "condition": {
  "domainType": "thirdParty",
  "excludedResourceTypes": [
   "main_frame",
   "media"
  ],
  "initiatorDomains": [
   "abismalonshort.blogspot.com",
   "animeonline.ninja",
   "cinehax.com",
   "gnula.nu",
   "gnula.se",
   "nickelodeonplus.online",
   "pormega.com",
   "seriesperu.com",
   "telenovelas-turcas.com.es",
   "verificandoarch2.blogspot.com",
   "verificarhuman.blogspot.com"
  ],
  "regexFilter": "^https?:\\/\\/[0-9a-z]{8,}\\.xyz\\/.*"
 },
 "id": 6
},
{
 "action": {
  "type": "block"
 },
 "condition": {
  "domainType": "thirdParty",
  "regexFilter": "^https?:\\/\\/([a-z0-9]{8,10}\\.)?[a-z0-9]{5,14}\\.(com|bid|online|top|club)\\/([a-z0-9]{2}\\/){3}[a-f0-9]{32}\\.js$",
  "resourceTypes": [
   "script"
  ]
 },
 "id": 7
},
{
 "action": {
  "type": "block"
 },
 "condition": {
  "domainType": "thirdParty",
  "regexFilter": "^https?:\\/\\/[a-z0-9]+\\.cloudfront\\.net\\/\\?[a-z]{5}\\=\\d{6}$",
  "resourceTypes": [
   "script"
  ]
 },
 "id": 8
}
]
