[
{
 "action": {
  "type": "block"
 },
 "condition": {
  "initiatorDomains": [
   "loskatchorros.com.br"
  ],
  "regexFilter": "loskatchorros\\.com\\.br\\/forum\\/uploads\\/set_resources_\\d+\\/[a-z0-9]+_[a-zA-Z0-9]+\\.js"
 },
 "id": 1
},
{
 "action": {
  "type": "block"
 },
 "condition": {
  "initiatorDomains": [
   "tvcanales.cf"
  ],
  "regexFilter": "qvncc.tvcanales.cf\\/js\\/[_-a-zA-Z0-9]{5,}.js"
 },
 "id": 2
},
{
 "action": {
  "type": "block"
 },
 "condition": {
  "initiatorDomains": [
   "zubby.com"
  ],
  "regexFilter": "zubby.com\\/[a-z-]+-\\d+\\/\\?_=",
  "resourceTypes": [
   "script"
  ]
 },
 "id": 3
},
{
 "action": {
  "type": "block"
 },
 "condition": {
  "initiatorDomains": [
   "ddmix.net"
  ],
  "regexFilter": "^https:\\/\\/(ddmix.net)\\/[a-z0-9_]*\\.js",
  "resourceTypes": [
   "script"
  ]
 },
 "id": 4
},
{
 "action": {
  "type": "block"
 },
 "condition": {
  "initiatorDomains": [
   "ddmix.net"
  ],
  "regexFilter": "^https:\\/\\/(ddmix.net)\\/js\\/[a-z0-9_]*\\.js",
  "resourceTypes": [
   "script"
  ]
 },
 "id": 5
}
]
