[
{"action":{"type":"block"},"condition":{"initiatorDomains":["fanatik.com.tr"],"regexFilter":"image\\.fanatik\\.com\\.tr\\/i\\/fanatik\\/75\\/770x0\\/(65aeb1ab8e04ea7f5b5e8079|65abf128ef6fdd3cbe14659e|6595061b6e3b9a5771e091b2|650e8aa980a0330f306cc17f|64c9319180a0323578c70c0e|657c5980df15856dfa0626de|65a4423ad75f861790da28ba)\\.jpg"},"id":1},
{"action":{"type":"block"},"condition":{"initiatorDomains":["donanimhaber.com"],"regexFilter":"^https:\\/\\/www\\.donanimhaber\\.com\\/images\\/images\\/[a-z_-]+[0-9]+x[0-9]+(_|-)"},"id":2},
{"action":{"type":"block"},"condition":{"initiatorDomains":["hdfilmfullizle.com","hdfilmifullizle.com"],"regexFilter":"\\/(1xbbb|bettogoal)\\.webp"},"id":3},
{"action":{"type":"block"},"condition":{"initiatorDomains":["kibrisgercek.com"],"regexFilter":"\\/(.*-980X100|980-x120-.*|kirni_yenireklam-[0-9]?|teknogold|1080x120|ezic|giynik-sonnnnn-[0-9]?)\\.(gif|jpg|png)"},"id":4},
{"action":{"type":"block"},"condition":{"initiatorDomains":["pusuhaber.net"],"regexFilter":"(dikey|horay)\\.jpg"},"id":5},
{"action":{"type":"block"},"condition":{"initiatorDomains":["320volt.com"],"regexFilter":"320volt\\.com\\/images\\/(pcbway-turkiye-pcb-uretim|jlc-pcb-service|PCBONLINE-PCB-assembly|robolink-elektronik-market|direncnet-2)\\.(gif|png)"},"id":6},
{"action":{"type":"block"},"condition":{"initiatorDomains":["ha-ber.com"],"regexFilter":"\\/.*banner(-\\d)?\\.(gif|jpg)"},"id":7},
{"action":{"type":"block"},"condition":{"initiatorDomains":["frmtr.com"],"regexFilter":"frmtr\\.com\\/images\\/\\w{0,2}\\d?.gif"},"id":8},
{"action":{"type":"block"},"condition":{"initiatorDomains":["avrupaturkgazetesi.com"],"regexFilter":"\\/(orka-hotels-sentido|Werken-Bij-300x250|corendon-banner-reclame)\\.(gif|jpg)"},"id":9},
{"action":{"type":"block"},"condition":{"initiatorDomains":["egeyonhaber.com"],"regexFilter":"\\/(ikiler-gif|karpol-poliuretan)\\.gif"},"id":10},
{"action":{"type":"block"},"condition":{"initiatorDomains":["afsinhabermerkezi.com"],"regexFilter":"afsinhabermerkezi.com\\/wp-content\\/uploads\\/.*(-emlak|aad.jpg|ak-suY|PAM%C4%B0RA)"},"id":11},
{"action":{"type":"block"},"condition":{"initiatorDomains":["filmmodu10.com","filmmodu11.com","filmmodu12.com","filmmodu13.com","filmmodu14.com","filmmodu15.com","filmmodu16.com","filmmodu17.com","filmmodu18.com","filmmodu19.com","filmmodu20.com","filmmodu9.com"],"regexFilter":"\\/pageskin\\/[a-z]{2}1\\.jpg"},"id":12},
{"action":{"type":"block"},"condition":{"initiatorDomains":["giynikgazetesi.com"],"regexFilter":"\\d+x\\d+","resourceTypes":["image"]},"id":13},
{"action":{"type":"block"},"condition":{"initiatorDomains":["itemci.com"],"regexFilter":"cdn.itemci.com\\/storage\\/images\\/content\\/[-a-z0-9]{10,}\\.(jpg|gif)","resourceTypes":["image"]},"id":14},
{"action":{"type":"block"},"condition":{"initiatorDomains":["tekniknot.com"],"regexFilter":":\\/\\/tekniknot\\.com\\/\\w+$","resourceTypes":["xmlhttprequest"]},"id":15}
]
