[
{
 "action": {
  "type": "block"
 },
 "condition": {
  "regexFilter": "giadinhonline.vn\\/files\\/qc"
 },
 "id": 1
},
{
 "action": {
  "type": "block"
 },
 "condition": {
  "initiatorDomains": [
   "xemphimchill.xyz"
  ],
  "regexFilter": "i.imgur.com"
 },
 "id": 2
},
{
 "action": {
  "type": "block"
 },
 "condition": {
  "initiatorDomains": [
   "phimno4.xyz",
   "socolivebongda.net"
  ],
  "regexFilter": "media.discordapp"
 },
 "id": 3
},
{
 "action": {
  "type": "block"
 },
 "condition": {
  "regexFilter": "\\w{2}\\.\\w+\\.com\\/\\w{13,}\\/\\w{5}$",
  "resourceTypes": [
   "script"
  ]
 },
 "id": 4
},
{
 "action": {
  "type": "block"
 },
 "condition": {
  "regexFilter": "\\w{60}\\.\\w{2,5}\\/\\w{84}\\.js",
  "resourceTypes": [
   "script"
  ]
 },
 "id": 5
},
{
 "action": {
  "type": "block"
 },
 "condition": {
  "regexFilter": "tinhocdongthap.com\\/wp-content\\/plugins\\/wp-[\\w-]+\\/[\\w-]+\\.js",
  "resourceTypes": [
   "script"
  ]
 },
 "id": 6
},
{
 "action": {
  "type": "block"
 },
 "condition": {
  "domainType": "thirdParty",
  "regexFilter": "(https?:\\/\\/)\\w{30,}\\.me\\/\\w{30,}\\.",
  "resourceTypes": [
   "script"
  ]
 },
 "id": 7
},
{
 "action": {
  "type": "block"
 },
 "condition": {
  "domainType": "thirdParty",
  "excludedInitiatorDomains": [
   "amazon.com"
  ],
  "regexFilter": "^https?:\\/\\/s3\\.*.*\\.amazonaws\\.com\\/[a-f0-9]{45,}\\/[a-f,0-9]{8,10}$",
  "resourceTypes": [
   "xmlhttprequest"
  ]
 },
 "id": 8
}
]
